,Sample,MP2/Perylene,MP2/Benzo[e]pyrene,28S TAS/Tm,27dia S/Tm,Bsnh/Hop,C1-Phenanthrenes/Anthracenes/Pristane,C2-Phenanthrenes/Anthracenes/Phytane,C1-Dibenzothiophenes/C1-Phenanthrenes/Anthracenes,C2-Dibenzothiophenes/C2-Phenanthrenes/Anthracenes,C1-Dibenzothiophenes/Pristane,27bb R/Hop,"2,6,10 Trimethyldodecane (1380)/C4-Decalins",27bb S/Hop,C26 Tricyclic Terpane-22S/H29,Tm/Bsnh,n-Tetracosane (C24)/Hop,H29/Hop,Bsnh/H29,29Ts/Hop,Benzo[e]pyrene/Hop,Date,Type,Rank
0,SH1-A,25.27782483,76.29244,-38.9480751,-15.96593596,8.569338121,-28.70114445,-11.27021498,5.639930966,4.17144296,-24.54985594,-7.602561194,-20.71291709,-8.743804079,-4.639866688,6.95169345,-21.1793794,-1.412782333,10.12429406,4.448005418,-34.94952483,2012-07-22,Group 3a,1
1,SH1-B,39.35199343,85.16999378,-38.20821467,-19.03764965,28.24533467,-25.39357849,-18.92046173,4.238870873,3.981444731,-22.09679707,4.176149135,,-1.234577357,4.829994405,-2.724673673,-16.48767579,3.631724912,23.75005644,14.08009814,-29.50849996,2012-07-22,Group 3a,2
2,SH1-C,62.4538343,84.64024405,-36.80809372,-18.2696845,13.50251759,-2.457568761,91.19210311,-38.34591903,-33.78030798,-39.75724699,-3.122308347,,-5.476888083,-7.531032263,7.094323269,-22.315487,1.470425502,11.85684626,2.85525466,-37.28913842,2012-07-22,W,3
3,SH1-D,48.40670586,90.0515506,-39.00458884,-22.23245095,15.83490062,10.03372045,7.427116228,-2.202304638,-6.416090472,7.796292421,-3.192222094,,-5.032048636,-7.920961645,7.05078681,-19.84607383,1.270609054,14.38065148,5.905412304,-35.90818159,2012-07-22,W,4
4,SH1-E,48.65860478,78.0924956,-36.6927226,-22.46256376,16.69489703,-7.962571857,-1.040893743,-4.546734286,-2.28063484,-11.99554222,0.042800192,,-0.360333831,-12.38967615,8.052986834,-20.02695123,4.062924877,12.13789361,7.640681781,-30.52040145,2012-07-22,W,5
5,SH2-A,23.00414665,72.997617,-34.61616778,-20.61407384,-0.319206469,-26.82236409,-14.52865341,11.89651002,2.470392983,-17.97536206,-8.706907194,-18.45032762,-6.817517963,-14.04523841,13.28858866,-7.446921086,-4.434681213,4.305625327,-3.27999032,-37.66460304,2012-07-23,Group 3a,1
6,SH2-B,34.29028455,64.93315634,-36.2879865,-22.16870706,13.25738907,-28.6894445,-18.50548772,6.538257731,4.472465318,-23.89576662,-2.185971994,-21.21276101,-0.864192722,-14.26078415,9.598884116,-12.21769835,1.586937473,11.48725819,6.20836506,-29.05813797,2012-07-23,Group 3a,2
7,SH2-C,25.27194319,15.52477593,-29.55717258,-15.61386866,-12.70599609,-5.288231073,-6.481026621,-1.983252739,-4.613229084,-7.006275977,-6.587666028,-7.29682473,-6.331582063,-5.060192615,17.06163941,8.152620419,-5.436180338,-7.688466647,-7.484203782,-19.68613828,2012-07-23,W,3
8,SH2-D,56.76260747,66.72746339,-34.35985061,-19.55153497,3.23595821,-11.75941253,-14.00285565,-2.824684193,-0.547890868,-14.10383839,-4.821916972,-21.8892235,-1.448034132,1.491058285,13.76514812,-5.560003801,-0.309757401,3.555911955,7.497178267,-32.57846337,2012-07-23,W,4
9,SH2-E,72.93378256,66.51034314,-38.44930849,-21.70125184,4.862130517,-15.07798759,-20.44322421,-8.408674762,-0.601911569,-22.08447062,-2.614786326,,-3.962222649,-12.07306682,12.37578307,7.187703213,3.215004748,1.595014723,3.878106598,-43.97437142,2012-07-23,W,5
10,SH3-A,43.445489,122.750551,-26.14457424,-8.335467731,31.73380855,-26.82831736,-13.47863687,2.131099587,11.23578958,-25.13989094,4.397701067,-28.2975995,-0.283651068,11.42428764,-8.540699068,-14.47359446,-0.613024274,32.54529915,9.352202625,-38.40932573,2012-07-24,Group 4,1
11,SH3-B,45.89357997,90.22508107,-15.11818998,-1.177046405,21.85743625,-20.92706109,-12.43409867,1.243501021,9.951465722,-19.8055264,7.590708603,-24.40244827,0.172838127,5.28959183,-8.699098262,-25.48969291,-1.138978083,23.26037899,5.799605525,-28.97960894,2012-07-24,Group 4,2
12,SH3-C,38.47273365,101.2652591,-10.05770301,3.023619013,10.31895297,-23.03363417,-15.00161738,-0.845952096,6.635659894,-23.55293171,7.805914971,-15.00039135,4.057293244,18.33852336,-2.633630267,-5.259503484,2.890938799,7.218458456,8.96304888,-36.42925329,2012-07-24,Group 4,3
13,SH3-D,51.62600044,85.55549463,-18.94599273,-11.94643174,18.47953306,-26.30389557,-7.683545567,1.505539579,2.6250404,-25.06517774,8.057565857,-22.21283631,-1.383646056,-7.110287793,-0.930549568,40.75753521,2.236148012,15.88718488,4.485115364,-33.14578782,2012-07-24,Group 4,4
14,SH3-E,23.32001809,9.935962838,-15.34711904,-1.202353179,-7.556865239,16.76567154,97.09578814,-18.02765542,-30.77815175,-4.11913486,1.346830056,,2.121809495,11.23547718,6.674540944,177.0837925,-7.712198372,0.16751979,-7.606074533,-28.70449972,2012-07-24,W,5
15,SH1,62.62641332,147.9104623,-12.01237686,2.460036191,20.45265345,-21.34126258,-13.20204714,1.698937372,1.278983846,-19.86674355,-0.697411438,37.25991375,1.605931572,-24.08862474,-14.37248362,-20.70399486,2.925813446,17.02768682,8.241439284,-36.80884194,2013-02-23,Group 4,1
16,SH2,40.54083442,50.58231761,-9.277667198,11.73943569,-5.042138946,-7.950768857,7.241689578,-6.283523738,-2.626206842,-13.5857188,7.084074273,31.28186151,9.661385586,-11.07787915,3.007991275,20.98168316,-5.241229835,0.209308493,-1.485462657,-8.862419267,2013-02-23,Group 3,2
17,SH3,71.66455495,155.8209066,-20.14877178,-10.03625354,22.1944638,-34.52771759,-23.59379623,3.933721954,0.948024725,-31.83469744,10.8273812,33.54299522,11.56383593,-14.60902092,-0.140699375,-29.63785076,-0.045908864,22.24961856,12.07627885,-30.2806073,2013-02-23,Group 4,3
18,SH4,81.58528088,148.5628048,-19.67909502,-3.359576967,27.19126343,-26.51337468,-18.18518161,1.955543226,2.618808615,-24.94691425,13.12679447,29.78774455,12.82115471,-12.40995162,-3.85422469,-19.97938597,3.316794693,23.10704717,10.0107705,-24.66505773,2013-02-23,Group 4,4
19,SH5,81.95742927,148.3167251,-17.38604719,-1.972342902,24.16290001,-35.49331738,-24.45050204,0.574223069,2.606507741,-35.01085849,4.905307394,22.34421512,7.191549065,-6.407741009,-9.946731446,-22.01239616,-1.970050436,26.65712501,5.256822727,-31.81404685,2013-02-23,Group 4,5
20,170308-01,6.628513161,34.09686424,-16.22829758,-12.87535434,-35.43590689,-6.199655547,-2.401453002,-4.198496749,-4.743498587,-9.982662647,-26.65045643,7.424045487,-24.22419481,-30.80286757,38.54769181,11.21480967,-11.23348381,-27.26583842,-8.736532664,-26.1242009,2017-03-08,Group 3,1
21,170308-02,-14.04857181,7.286532448,-20.07845987,-17.63516415,-36.08639013,-6.26372682,-5.297482334,-2.569965147,-2.804562056,-8.514988669,-23.60524792,2.774251467,-22.02049875,-23.54870778,53.03547135,9.546587527,-8.495928483,-30.15272199,-7.926223697,-19.35373386,2017-03-08,Group 3,2
22,170308-03,12.08908744,47.71689828,-17.39444527,-15.58613483,-26.17793504,-1.301618088,-5.804305433,-4.106699884,-4.946082727,-5.191406591,-19.17410828,4.145338657,-20.47101481,-28.60227408,32.42706685,46.79609719,-7.736877279,-19.98809753,-5.547105871,-26.53674645,2017-03-08,Group 3,3
23,170308-04,12.51716518,33.39345512,-18.70256727,-17.44698055,-13.71820726,-8.374607004,-12.07861481,-4.879216104,-2.058061909,-12.69468638,-21.87018419,4.166502107,-20.51637213,-23.43242748,19.43766535,4.287517025,-6.906844571,-7.317451666,0.042097509,-10.66820005,2017-03-08,Group 3,4
24,170308-05,-5.602125547,-36.52597539,-14.87165719,-11.47288659,-20.96496637,53.41113933,37.39521215,-11.88243077,-6.985275046,35.41563462,-14.6947519,-26.38087816,-14.64406844,-14.90941951,24.15197474,-3.790244409,-7.524128694,-14.53510413,-4.89352381,25.87043993,2017-03-08,Group 3,5
25,170308-06,13.68486214,-4.974840469,-15.73205067,-18.56953219,-20.72730558,45.5658898,17.74519977,-17.18800814,-12.24312913,20.75420301,-18.90890567,-28.01023834,-20.60346889,-30.65418819,28.3727301,-7.575621124,-8.694418877,-13.17938614,-5.227487719,0.772842099,2017-03-08,W,6
26,170308-07,20.5559717,-37.3292894,-20.19217862,-15.12348921,-20.79988458,59.68643681,31.09196633,-11.36418024,-18.33490387,41.78382933,-17.20063477,-29.62362136,-16.59832324,-31.51660433,32.30569799,-13.50757517,-6.268425175,-15.50394011,-2.135039432,17.5306155,2017-03-08,W,7
27,170308-08,66.88156931,31.24534325,-17.84488976,-15.4456012,-24.49833678,26.14224191,-18.83439004,-41.30754022,-18.71175841,-25.83615081,-20.60635301,,-21.3172984,-32.22298901,32.97449602,-13.52911749,-5.739721691,-19.90150456,-1.485462657,-30.64749887,2017-03-08,W,8
28,170310-1,-3.624302806,-43.57207331,-30.26232368,-10.06057245,-15.96291523,68.15139617,85.27200984,-8.657576462,-5.712575811,53.85882578,-0.895907762,-43.68144922,-0.800803278,-24.65771263,17.12909843,-58.53659063,-10.37551099,-6.234981615,-9.382770575,18.35771343,2017-03-10,Group 2,1
29,170310-2,3.184134003,-34.25230592,-30.33308743,-9.422548137,-14.98268181,34.32098926,40.87885504,-10.62955703,-6.463324618,20.25058503,9.838884668,-34.27010273,6.939158991,-24.33409797,21.77010646,,-6.187171798,-9.376312515,-7.094663587,20.94348274,2017-03-10,Group 2,2
30,170310-3,5.979919538,-16.64200628,-32.93670625,-15.4456012,-5.654832071,9.527424322,12.20583558,-5.04884859,-4.288507337,4.177160517,7.248105822,-31.40001159,5.943874151,-30.20912631,17.3787218,-68.73830239,0.226742776,-5.869015158,-6.303751925,4.975905194,2017-03-10,Group 3a,3
31,170310-4,21.84850299,29.04783529,-30.84455927,-12.78546281,5.163726188,-8.578202701,-5.934427101,-4.431993612,-2.467958285,-12.4791177,2.693391559,-31.51577462,4.244648201,-23.35870767,1.915402688,-27.41488939,-3.52701533,9.007607581,-8.690182503,-12.09316745,2017-03-10,Group 3a,4
32,170310-5,25.56289642,15.01742478,-35.19293117,-16.08098108,2.945428839,-8.087389723,-4.787007395,-7.815964534,-3.047516181,-15.1249151,11.18693568,-28.12874362,4.097450897,-23.44651724,13.2029834,-14.01866677,-1.002916119,3.987520389,-2.614275064,1.218176629,2017-03-10,Group 3a,5
33,20170316-01,-12.56356171,-42.73378436,-29.00875148,-9.495476842,-23.33193288,34.32742719,47.23314401,-8.973649559,-6.994474633,22.48452804,8.044946522,-50.65838813,6.097171407,-22.13348973,26.52222311,-27.34636314,-7.371149585,-17.23155472,-5.868032774,11.12722335,2017-03-16,Group 2,1
34,20170316-02,-0.940974989,2.172074666,-31.55766376,-15.1441686,-15.32695892,-11.54283012,1.15034361,-6.799524842,-6.464898952,-17.41511421,-2.674947076,-27.21144821,-3.640439051,-10.54810732,20.37979811,11.60892638,-10.62261127,-5.264216059,-17.81072885,-16.21167155,2017-03-16,Group 3a,2
35,20170316-03,-3.300355224,-41.02635924,-29.22718609,-9.773952298,-14.70703511,66.465578,46.54450879,-15.68914856,-10.2782048,40.59093653,12.44973083,-36.0167138,10.30552441,-26.35877523,20.78974151,-9.085823393,-5.658683443,-9.591797232,-2.894694675,28.22041834,2017-03-16,Group 2,3
36,20170316-04,-2.41998612,-6.967159337,-30.21939022,-14.36618334,-15.53195582,3.929343398,2.766135196,-14.00293153,-8.69921926,-10.46945335,3.621106774,,0.889283899,-24.2063533,23.01827098,-2.451060998,-5.335350675,-10.77199863,-6.68292737,-13.47003279,2017-03-16,W,4
37,20170316-05,7.788230333,1.902824123,-31.95473294,-14.21819864,-11.51912109,13.99789094,7.875199559,-9.993004486,-7.11708039,2.783283442,6.339847011,-30.36794218,1.16151341,-26.19354094,23.13584995,4.765231583,-6.256439041,-5.614661306,-7.322189404,-14.71982063,2017-03-16,Group 3a,5
38,20170316-07,33.51655853,38.8102601,-35.12579225,-18.26408116,22.21730341,-20.53753922,-18.80523242,-12.10636318,-5.439088572,-30.03693122,7.854528506,-40.9603754,10.16471464,-32.58829619,0.503979552,11.01252211,2.682740005,19.02325024,4.701924063,-20.28476381,2017-03-16,W,6
39,20170317 01,-22.55782063,-64.39785015,-23.6383691,-1.581726804,-16.65625107,77.38085649,44.64381731,-16.9738534,-10.52529098,47.52683839,13.70381705,-33.16650883,9.485329443,-29.0849931,13.32518176,-13.2923787,-6.918452196,-10.46228793,-7.954898183,55.49876353,2017-03-17,Group 2,1
40,20170317 02,26.82692574,21.93244275,-32.96143004,-18.78549995,21.27539071,-16.07648879,-13.23363301,-3.48813845,-1.689850845,-18.86397185,10.04039465,-35.65817744,9.290771568,-10.59943107,3.339816373,-19.02992449,3.284245583,17.41812962,7.379283634,-3.298787885,2017-03-17,Group 3a,2
41,20170317 03,-10.62702527,-3.353176588,-29.79130833,-13.06820962,-23.11572882,8.908527095,10.27357735,-8.2839038,-6.496319068,0.059159722,4.299210288,-23.07369503,2.92054076,-32.3440792,31.46695816,22.5211554,-6.383635188,-17.87369455,-11.09482579,-11.80667143,2017-03-17,Group 3a,3
42,20170317 04,0.818244493,-4.211833989,-29.97704561,-14.05873011,-17.35796082,28.46431159,23.09509724,-12.6865128,-8.769506432,12.36038884,4.61328345,-26.74271698,5.244173874,-32.33425457,25.12191204,1.300311135,-9.319109456,-8.865711861,-12.0552042,-8.905029677,2017-03-17,Group 3a,4
43,170320-1,-13.42183527,-57.99064598,-31.50593108,-13.2981879,-18.75741289,83.92315219,70.78882937,-18.42622572,-9.986523882,50.29217312,13.85264403,-49.0515607,5.173153955,-33.30167863,31.2754487,-49.75946917,-2.937158241,-16.29964503,-3.302425209,45.51813705,2017-03-20,Group 2,1
44,170320-2,10.99685853,-24.1786957,-31.77578593,-14.33113062,3.58090914,43.282589,33.96762788,-10.44364031,-5.373019813,28.54028483,11.49101821,-38.38884475,6.769269089,-27.27292082,8.727164153,-37.96275506,-0.992516173,4.618443017,-0.824051319,19.9088935,2017-03-20,Group 3a,2
45,170320-3,7.209977925,-28.66651847,-29.3474032,-11.72997128,-11.94450993,32.79883558,31.21371943,-12.91642919,-8.56604265,15.84569554,11.15276987,-33.95753602,2.020026961,-41.37068448,19.37389106,-34.67704978,-6.207835922,-6.117112327,-8.997893243,13.75395912,2017-03-20,Group 2,3
46,170320-4,-15.08398447,-58.08201582,-25.38264802,-10.66132066,-14.82727895,33.02318256,55.40244834,-15.60448645,-9.735789965,12.45948749,11.8143935,-31.38312917,5.722366649,-25.39883068,19.01072542,-39.34297479,-10.08857759,-5.271161772,-10.49463842,39.38667824,2017-03-20,Group 2,4
47,170320-5,13.98298993,5.446558182,-32.51847438,-16.68100679,-2.850844804,4.050882391,9.997906915,-5.731803732,-3.239502122,-1.743708021,4.054106601,-37.04281288,0.202927727,-24.29717248,13.66549762,-23.93683465,-1.12012287,-1.751106585,-1.73271052,0.295112508,2017-03-20,Group 3a,5
48,170320-6,33.46912238,33.72810422,-37.25454043,-21.96836911,21.25567114,-13.34949251,-8.701061598,-4.917246163,-0.517317451,-17.46801932,5.491874704,-30.49076401,6.737081971,-30.87749943,3.701144402,-38.85771859,4.670600969,15.84409454,9.326259042,-7.061652595,2017-03-20,Group 3a,6
49,170320-7,-20.33629277,-58.05951146,-28.87154381,-8.326475597,-16.29994278,105.0572946,74.82775439,-15.76175209,-8.655705401,73.03499881,11.56422909,-23.10592922,5.077442961,-23.72570508,18.80026341,-29.87265215,-8.310243921,-8.714563862,-10.01761125,44.01749281,2017-03-20,Group 2,7
50,170320-8,18.16383565,14.75277361,-35.8206068,-19.80682809,2.273676735,-11.31368343,-2.752061622,-6.365083361,-4.101319925,-16.81522399,2.095167109,-28.64270703,-2.329440327,-33.12267079,17.09340648,-25.50891641,-3.888861976,6.41104466,-1.869534927,-10.66820005,2017-03-20,Group 3a,8
51,170320-9,47.29417315,66.47814009,-36.39990114,-16.93273887,30.13210189,-22.975987,-13.87620038,-2.610500519,1.972033421,-24.85714678,7.076571447,-26.35196979,1.202040543,-26.91858254,-4.728863075,-38.64173751,2.687226822,26.72566429,5.498905707,-20.6826474,2017-03-20,Group 3a,9
52,170321-1,-7.302207625,-36.73089339,-27.97973566,-8.249482155,-18.83651422,60.28290947,45.775748,-9.487239986,-7.841093104,45.32704099,4.437898253,-32.57710267,1.820023343,-31.29947807,20.68837949,-21.64854976,-7.553921587,-12.20520785,-9.699130763,14.62425736,2017-03-21,Group 2,1
53,170321-2,21.75333818,45.44969781,-35.29823177,-17.97304247,11.38643188,-16.36177967,-5.771848782,1.366146085,-2.007015437,-15.07273779,12.97494642,-30.94507275,2.643168946,-30.05812134,5.35075334,-2.015574663,0.772046056,10.5321895,4.772162384,-19.84129047,2017-03-21,Group 3a,2
54,170321-3,20.03879013,54.25452449,-37.89530318,-21.33496231,9.585693068,-15.11899687,-8.034222733,2.150114873,-2.431939426,-13.14421125,-0.295028603,-24.8139253,0.997409595,-25.59418454,11.68831826,1.232120037,-3.334056831,13.3644599,2.806944423,-26.308098,2017-03-21,Group 3a,3
55,170321-4,-1.270820021,-17.82693372,-32.18641767,-11.09569282,-4.788254233,26.53426524,17.92303433,-5.433601041,-6.920239671,19.86555619,3.28096715,-30.53377716,3.994608128,-33.31829124,11.90676604,-5.860296876,-4.838034084,0.05151754,-5.046485976,3.172195483,2017-03-21,Group 3a,4
56,170321-5,-2.546303186,-33.46821984,-35.30989545,-18.40612657,-14.28414856,45.4852037,32.47421826,-10.38819649,-6.871637147,30.597075,11.87569861,-26.35638567,1.787512874,-26.67279302,28.81641465,-16.92624808,-3.775309119,-10.92185261,0.968477358,16.5614725,2017-03-21,Group 2,5
57,170321-6,22.44236584,40.55837398,-37.03727776,-20.56336744,5.502579781,-6.678489091,-5.045433138,-1.270898016,0.064158096,-7.705386799,5.022673018,-29.5487415,5.463179092,-34.88954948,12.19751492,8.48140809,-0.2958658,5.814813302,-0.799536425,-18.02608535,2017-03-21,Group 3a,6
58,170321-7,9.208281927,-8.619436524,-32.42326236,-12.53764569,-5.447764487,13.97009426,4.130983635,-8.993314987,-5.106225816,3.899536061,5.030642289,-22.47814695,-0.783390746,-29.59473829,13.99006933,0.645730716,-3.380337436,-2.140533838,4.639118368,2.940608063,2017-03-21,Group 3a,7
59,170321-8,2.649811461,16.36860775,-34.31110354,-19.02209472,-17.56121815,-3.078513654,3.026067606,-4.570047792,-3.600513119,-7.348132442,-1.737442059,-27.7185986,-2.306987325,-30.88917677,29.93259579,18.4684122,-5.655800503,-12.61982316,-14.24204486,-15.02671592,2017-03-21,Group 3a,8
60,170321-9,23.4773955,39.07783343,-37.68528729,-20.50416002,13.20022445,-17.64598856,-11.85155241,-0.845952096,-1.043680851,-18.20163693,8.176548162,-27.10175229,2.59046152,-36.49721493,9.493760494,-9.418842355,6.920158765,5.872763768,11.14230986,-13.33535579,2017-03-21,Group 3a,9
61,170322-3,41.04510412,71.40707033,-33.69143262,-13.75451323,28.31353928,-23.99327335,-15.96756497,0.988292976,0.650776669,-23.10953871,5.900613915,-30.76524221,7.324294017,-27.96699007,-6.1204467,-8.58629495,1.697137031,26.17122358,12.48832399,-23.53119629,2017-03-22,Group 3a,1
62,170322-4,-24.59970814,-63.49275795,-28.63960319,-10.00470945,-19.53922838,127.063022,56.7306744,-16.98118498,-10.84496882,88.8305897,12.55212092,-30.2963589,11.87475065,-31.36872397,27.66303079,-16.48767579,-7.663584788,-12.86196934,-8.495119173,45.09399666,2017-03-22,Group 2,2
63,170322-5,47.23878836,59.49886872,-36.69031255,-19.0997109,23.45034392,-18.01863115,-14.47109695,-0.094785067,-1.859437856,-17.9548847,7.572728872,-32.48080349,4.072042683,-30.71774797,2.199946883,-5.08959585,3.915559079,18.79776851,13.44976266,-17.35189902,2017-03-22,Group 3a,3
64,170322-6,17.27869585,27.77016889,-32.66701862,-17.28027212,-7.02924316,-8.727651715,-5.595655529,-3.37717339,-4.319600431,-11.65776788,3.100484901,-23.28227287,-1.051543744,-38.02433601,17.03318357,18.88776941,-5.669803353,-1.441931469,-6.862536791,-16.21167155,2017-03-22,Group 3a,4
65,170322-7,24.64045789,59.46074631,-33.90739996,-16.63715371,13.14106573,-9.932465497,-7.745213205,1.425907454,-1.399222438,-8.490415741,7.974554947,-33.81048578,3.12977219,-41.1155993,2.184841955,4.668634197,-4.793851837,18.8370405,6.429024487,-26.45618342,2017-03-22,Group 3a,5
66,170328-01,24.14828294,-47.59411474,0.016907463,17.12350056,-7.981739586,96.58063992,58.05890045,-21.76407186,-8.787636498,54.06230429,14.07436021,,11.96647399,9.052679972,-2.828652975,-8.912802368,-5.079454164,-3.058363002,-10.21201279,49.16041128,2017-03-28,W,1
67,170328-02,65.25191291,82.48691186,-14.67818369,2.240104321,12.89457103,-37.85787247,-36.55293143,7.792468744,10.00950598,-32.89978029,10.36174749,-0.40154723,11.61230756,4.614414714,1.760386865,-5.205765255,6.47701742,6.026332108,8.540711481,-3.977392882,2017-03-28,Group 4,2
68,170328-03,25.80185335,38.88415546,-3.120681558,12.6082151,-2.335279866,-31.2022379,-21.91974547,4.916546748,4.480579684,-27.69510417,7.274136915,3.377103016,6.791931447,1.421714288,-5.013885992,30.4126042,-1.46369739,-0.885315001,-8.938023436,-4.0185939,2017-03-28,Group 4,3
69,170328-04,38.64857617,67.37140905,-14.39850738,5.59127892,7.586595006,-31.15705944,-28.51487376,5.603594245,6.113277014,-27.17382205,11.13906929,-4.330152867,12.41255942,-13.56565365,0.179914432,5.990170364,7.453446238,0.123119294,8.96304888,-11.80175952,2017-03-28,Group 4,4
70,170328-05,2388.42197,-26.72644316,-39.91176362,31.84326621,-7.851227515,57.21427136,-44.61074746,-55.63445109,5.567624955,-30.13056488,16.62859635,,17.53459327,-29.47848605,-9.890591103,2.467046156,-3.792921399,-4.219062301,0.068106114,-59.6913825,2017-03-28,W,5
71,170407-1,13.49190441,22.94199487,-18.38710739,2.010790808,-10.5558212,-20.99371261,-23.1045663,-2.386481089,-4.589739069,-22.74599043,4.839809803,7.141673597,3.442574683,-7.338640256,8.449922889,59.43014239,-4.340436046,-6.498141875,-6.502674187,-9.353695699,2017-04-07,Group 3,1
72,170407-2,25.61167789,37.37072815,-20.14214237,-1.558181763,4.099992391,-29.1648921,-31.62292273,-1.190236985,-5.120006497,-29.88711737,18.01847082,2.438408652,14.22403556,-15.12754262,1.686379311,34.45640588,-0.991101215,5.141223125,-4.333037442,-15.58638551,2017-04-07,Group 3,2
73,170408-2,6.996496033,19.69549587,-18.12818324,2.144276003,-0.250687242,-23.10292243,-26.84130893,-1.253536,-3.135588333,-23.93571388,13.24952097,-20.68015113,7.136806925,-2.373591915,-2.310028609,24.4715394,-5.377182159,5.416985371,-8.948685183,-9.761803287,2017-04-08,Group 3,1
74,170408-3,26.15070722,46.57375438,-20.61330223,-8.229891297,2.588573788,-36.92033167,-34.34547725,7.416885229,-3.483544224,-32.12476256,14.81042354,-6.775848208,8.12153081,-3.611844087,7.744617596,12.81321185,-2.638288615,5.367663638,8.167698158,-17.09254895,2017-04-08,Group 3,2
75,170408-4,13.16424178,30.10254053,-23.21937184,-8.107487306,-5.054408989,-31.56422533,-30.5545309,4.712683923,-3.17375022,-28.21530084,13.2700877,-2.383087128,10.316976,5.686127237,11.91897094,17.81132079,-2.571968703,-2.54874587,0.905922026,-17.39178885,2017-04-08,Group 3,3
76,170408-5,-0.32701822,21.38591119,-21.23182074,-11.1990914,-14.6001517,-24.3384342,-23.22065476,1.632899101,-2.136358903,-22.97015137,6.258924263,-10.3934521,-2.422780665,-0.746785092,21.69912418,24.95347193,-6.567736087,-8.597771522,-13.99702213,-20.9013168,2017-04-08,Group 3,4
77,SLICK OIL #1,17.52836857,31.71197978,-18.17887786,-25.02694966,23.70125925,-25.01098146,-29.48903836,-3.206762761,1.163712371,-27.29034394,-8.280076443,18.27989229,-7.150538012,17.90176312,0.942591793,-59.71485862,2.997149438,20.10068176,12.61729747,-20.33322156,2017-08-15,Group 3,1
78,SLICK OIL #2,-1.951214669,-5.293427035,-13.79113217,-20.58426632,7.108432362,-12.22267562,-21.31209362,-8.52263849,-3.593202004,-19.56494298,-6.909155635,1.907754435,-8.122314901,12.89384013,6.511774626,-60.71836859,4.468628287,2.526074157,6.095600225,-7.852584577,2017-08-15,W,2
79,SLICK OIL #3,4.415249671,-10.85401799,-16.21888574,-19.53823423,3.139069384,-3.023993876,-15.6772802,-6.44038984,-0.984211909,-9.112929919,-3.728338666,13.01892225,-9.624938896,-5.862705546,13.20815615,-9.636585523,1.280995783,1.833765553,6.169124549,-2.359180965,2017-08-15,Group 3,3
80,SLICK OIL #4,6.882009235,40.51391605,-12.5495447,-14.85049693,18.73867947,-25.48883086,-27.21223559,-2.99022308,0.490375117,-27.59204375,-5.846522805,14.70452608,-10.33151979,-4.043703146,-2.047866257,-31.74165138,2.260240829,16.11329805,3.790752255,-26.72676642,2017-08-15,Group 3,4
81,SLICK OIL #5,12.76107548,38.27707472,-18.23763754,-21.02330899,20.12508213,-22.26323913,-87.42545074,-6.021778609,501.2646632,-26.81820331,-5.091993669,12.95178963,-6.798908535,5.837975121,3.211088574,-53.76586745,3.526362228,16.03240692,13.23610962,-22.47270555,2017-08-15,Group U,5
82,SLICK OIL #6,17.05446386,41.34633229,-18.23065109,-23.54123513,7.652846457,-34.67571521,-36.01075656,-4.888998167,0.392069316,-37.76211505,-6.816525438,-3.432287738,-10.76717036,-2.81699948,13.38694727,-35.54277562,2.354082558,5.176061763,9.291250834,-25.5118596,2017-08-15,Group 3,6
83,SLICK OIL #7,96.96664592,-8.115591025,-17.12863831,-16.31165704,0.232245638,10.96881989,-25.5139989,-23.69993035,-4.892476537,-15.18448419,-4.989337659,,-6.726079839,7.057051274,8.407030817,-47.38662379,3.020829363,-2.707586697,6.298191706,-16.5039248,2017-08-15,W,7
84,SLICK OIL #8,1218.414411,36.77950967,-34.18916165,-22.97053813,18.05784824,73.50330584,-30.14018377,-39.02026054,-5.876095853,5.984590028,-14.57093533,,-12.99939362,1.500353189,1.492135989,-46.24755107,3.046076753,14.56711027,7.803867508,-49.12899001,2017-08-15,W,8
85,SLICK OIL #9,9.366676309,28.02166309,-15.23858971,-19.65164053,20.32582592,-28.22903081,-28.08617735,-8.560371015,-0.868553237,-34.2595501,-1.612819294,-7.734189226,-8.638223657,-5.34997151,-0.756536708,-70.08505802,6.688586639,12.78139104,14.53502297,-20.04510126,2017-08-15,Group 3,9
86,SLICK OIL #10,5.300491901,12.50497983,-17.18937015,-21.39651838,14.90574367,-22.84012252,-24.90772204,-9.08983796,-3.304578626,-29.7326837,-6.32355982,-2.89150855,-5.36595373,1.326848312,5.257127432,-42.1001123,3.192449021,11.35003956,7.724832415,-14.44950182,2017-08-15,Group 3,10
87,SLICK OIL #11,22.54482333,38.00477133,-18.39509348,-20.33549414,39.16220587,-25.20085237,-25.83064965,-4.95253257,0.344736893,-28.78251971,2.138355263,-1.858439492,-2.703480929,-9.18418909,-5.466291635,-65.88220735,8.585921285,28.1575927,14.09072177,-17.48063438,2017-08-15,Group 3,11
88,SLICK OIL #12,30.77344554,51.98177917,-22.49876305,-25.13758807,30.72435408,-34.96797455,-34.80998989,-6.033598894,2.329830029,-38.78620849,-10.51088473,12.82000176,-13.61207394,23.79023925,-0.947389522,,8.894035458,20.04635265,27.12355703,-26.89798355,2017-08-15,Group 3,12
89,SLICK OIL #13,2.537505233,21.29029948,-12.76004239,-18.51541059,13.87055679,-19.83396535,-20.40362402,-7.537556373,-1.043680851,-25.74850971,-7.007435665,10.98113309,-10.03203377,-4.487680989,0.407305358,-53.92525153,-1.023033389,15.04661946,-1.344266555,-19.11418172,2017-08-15,Group 3,13
90,SLICK OIL #14,5.616709594,24.86941096,-7.996888188,-16.06208478,8.896629649,-20.74528422,-22.42410038,-5.981798232,-0.184407482,-25.35745149,-9.46528266,10.24002368,-9.588526704,0.948720835,1.347424713,-34.85601676,0.06091082,8.829477493,-7.082879551,-17.40656746,2017-08-15,Group 3,14
91,WM001,59.34579499,99.72056352,-24.80093939,-1.285286222,14.47213709,-19.8414727,-24.11989827,11.34606661,1.974486883,-10.59248687,3.123045182,2.481565876,6.890660506,-6.347768457,4.197154109,19.45390164,2.288716244,11.90992894,12.23194035,-34.92856681,2018-04-28,Group 4,1
92,WM002,93.04309137,147.7338148,-23.44945658,-1.972342902,37.28580815,-23.90365735,-26.96084928,16.93802265,7.082054133,-10.86075819,9.041358939,4.330032809,10.24744849,1.005902619,-4.980558548,3.790909801,6.964267741,28.34633731,18.04330295,-36.25556272,2018-04-28,Group 4,2
93,WM003,54.19674566,70.02195572,-19.9223753,-2.292694722,10.50304802,-24.79520398,-26.15063138,5.492376282,3.11657807,-20.52765673,10.37737559,6.273349077,8.158500328,-1.446419928,5.836843773,-10.26201802,4.313036713,5.933232829,4.712717186,-23.16964166,2018-04-28,Group 4,3
94,WM004,87.82571052,139.0839417,-26.44671008,-8.978117407,43.9805102,-35.26675786,-34.98997578,25.54652242,6.447036535,-18.58930689,8.397638917,-1.138647693,10.94513384,-7.985760405,-4.481875735,22.28456282,8.931528088,32.17419363,23.34617133,-35.22036696,2018-04-28,Group 4,4
95,WM005,90.20354338,89.96824795,-24.94104604,-7.969754967,31.46261183,-35.79236965,-32.86614232,8.698287809,7.202679078,-30.08686917,9.956116608,4.37764916,12.94898989,-4.572317514,0.340350223,-21.41746585,8.429080763,21.24198489,20.34724802,-18.66615254,2018-04-28,Group 4,5
96,WM006,59.01251096,82.45618354,-21.24262422,-2.055598616,2.09910942,-22.56305293,-18.72314427,11.33494424,3.602745302,-13.63672074,9.095073895,6.930005543,6.878123482,-5.257941626,13.82267741,13.22644706,0.460444182,1.630349047,1.17997396,-30.32527058,2018-04-28,Group 4,6
97,19011-1,43.85238294,9.886012264,-19.15819249,-17.74274383,10.51679902,-9.239481524,1.082876951,-53.62651872,-14.81766075,-57.83849805,-7.124549847,,-9.959901461,-16.26006364,2.875693689,38.77143816,-0.875833855,11.49241123,11.62068422,-24.33657726,2019-09-11,Group U,1
98,19011-2,4.150092226,-2.282039441,-15.58490803,-26.42395011,-1.744749,-41.3313816,-37.42461413,2.041063355,1.37288489,-40.03052561,-11.16889293,-10.14092718,-12.46023493,-7.953033759,9.83116212,-3.191387767,-1.747255096,0.001757937,1.063227836,-16.83695758,2019-09-11,W,2
99,19011-3,6.740513849,-17.0487982,-18.32237635,-20.0142663,7.710388102,-30.62201341,-30.20059524,-1.315598267,-3.114995314,-31.4165054,-11.0518559,-17.90544553,-14.40880054,12.49064784,-1.912788529,-40.42185469,-3.89299117,12.07250708,-9.771704584,-9.605388675,2019-09-11,W,3
100,19011-4,8.7587691,-15.6180995,-27.04960589,-26.83272229,-4.898275509,2.683553579,-14.04901622,-21.24936181,-4.205092274,-18.99638933,-12.85315246,-2.617190777,-12.07981104,-26.07878925,26.84803963,-12.74292153,-6.764145323,2.000427781,10.96237088,-12.86151519,2019-09-11,W,4
101,19011-5,22.33620088,16.50099136,-10.11519692,-12.22533793,0.331744732,-23.57390967,-18.4952194,-17.69472487,-8.465404787,-36.98865934,-13.41210271,8.985069541,-14.48467926,-26.15955224,-4.376554069,1.807302538,-3.010375783,3.445033639,2.25604303,-34.0962732,2019-09-11,W,5
102,19011-6,15.47257558,14.7405811,-19.5317001,-21.42077872,0.294614678,-28.1120311,-25.87549885,-18.86449231,-9.235156521,-41.57259781,-17.18002048,-5.14984556,-12.09649629,-35.28532972,6.04956126,5.032427861,-2.247212102,2.599446824,2.408880526,-31.30081082,2019-09-11,W,6
103,19011-7,0.276939534,-27.63392042,-17.52943863,-18.41643143,-1.485811879,-29.58823324,-26.7846197,-21.2801888,-3.777430368,-44.47626264,-7.006162009,-23.52977854,-9.563833378,-18.00464565,7.374316053,-33.55079201,-4.177051295,2.807739196,-0.863857385,-0.153264721,2019-09-11,W,7
104,19011-8,-4.605473302,1.83075653,-10.18333478,-11.37406455,18.26556073,-45.02370563,-41.05424373,-18.34055881,-1.641073402,-55.02913174,-11.0649969,-15.29889672,-13.51103543,-13.32321279,-16.32724554,-12.3984857,-2.031641917,20.71716374,1.953729946,-24.7462774,2019-09-11,W,8
105,19011-9,-5.556720682,-9.813334531,-15.64846113,-18.64787418,-1.426770842,-44.80621927,-39.00986103,3.562637692,4.428707218,-42.74114585,-11.16889293,-26.46494669,-14.09200687,-24.5565203,7.062272124,-23.21831559,-3.235933049,1.868855733,7.82801712,-19.29902134,2019-09-11,W,9
106,200208-1,32.97147982,69.27532623,-12.14430093,-7.794916356,-12.13761408,-22.594088,-31.57653394,-7.086660456,4.721782659,-27.95537128,2.857071341,-12.80053829,-0.578106154,-0.755210215,23.79913164,-36.31012353,-4.411205117,-8.083693763,-5.374194394,-41.25602267,2020-02-08,Group 4,1
107,200208-2,41.96141502,29.59135935,-5.431484383,-2.102660846,4.547364259,-20.0960811,-28.59456732,-7.912732306,6.231707011,-26.29158492,13.23722941,-21.2212238,5.759764019,-6.671645578,3.09218179,-18.94015722,-3.311118804,8.126740338,-3.006376944,-19.25757245,2020-02-08,Group 4,2
108,200208-3,20.22018993,41.47611183,-4.282214228,5.785479871,-13.7268562,-33.13612062,-38.9367863,-2.498519561,4.602527668,-34.69413503,-4.206248021,-4.473080072,-2.078802163,-9.589255151,3.300448824,9.715549473,-9.217571853,-4.967886772,-0.046815627,-45.42884813,2020-02-08,W,3
109,200208-4,34.72441196,49.07377635,-9.138336692,-5.768820006,-8.058886721,-27.33983296,-37.36085928,-7.162255629,6.758099559,-32.4274392,9.642966437,-10.58624957,6.890660506,2.660391572,20.57673436,-19.93272672,-1.775610866,-6.397601178,-3.178547996,-32.3440512,2020-02-08,Group 4,4
110,200208-5,32.66458497,39.36367912,-6.38332853,2.636724935,-13.09351396,-23.36806478,-35.88745503,-3.491030711,4.799427622,-25.91558153,12.11897737,-17.60491635,6.575851836,0.964859719,24.23921778,-38.35001281,-1.814360389,-11.4882813,-4.414976695,-27.88071054,2020-02-08,Group 4,5
111,200208-6,21.06099232,69.78555238,-7.247614998,-5.058980609,-29.25456354,-37.61417785,-43.96957596,-3.628399968,2.686065911,-39.77395033,4.004231075,5.282606892,4.824165896,-5.801495289,46.03894901,10.54653115,-8.154149166,-22.97433687,-12.63613537,-47.16518015,2020-02-08,W,6
112,200208-7,30.83984392,29.06516158,-3.793532968,-1.916897394,-15.20582438,-28.2734907,-37.6881445,-13.75348006,1.419744467,-38.03154313,8.979209405,3.952327991,-0.364338728,-5.316206689,19.05430085,-16.48379835,-8.683482767,-7.1433011,-15.95136726,-32.47599862,2020-02-08,W,7
113,200208-8,34.22799111,51.49273167,-3.000311214,4.84745451,8.324975829,-28.19947845,-39.34547297,-8.166416239,6.050614088,-33.94913075,15.41644821,-9.447356074,8.621360855,-2.017187095,-0.307471264,38.14071438,-0.169860906,8.508430535,-0.34911738,-32.92609545,2020-02-08,Group 4,8
114,2020 07 31-1,-15.0716623,-59.15638359,15.58374131,-0.761420912,-23.72680771,78.35654516,25.47697687,-18.20971453,-2.182299586,46.13026807,15.34496691,4.189318952,15.93673736,1.261197818,29.76327242,13.78147866,-3.998110214,-20.55095183,-2.431779761,54.48243174,2020-07-31,Group 3,1
115,2020 07 31-2,-17.11818564,-48.65287224,10.73407384,1.926484369,-28.32600426,57.74229982,7.519341011,-15.30591742,-1.970144365,33.82912613,14.60013092,9.461196491,14.56128572,-20.16268351,45.29528619,30.82244896,-7.192329411,-22.77208648,-2.816740189,42.25257256,2020-07-31,Group 3,2
116,2020 07 31-3,-6.941748456,-57.30472605,11.55326214,-3.956094594,-22.48429439,105.1206639,2.190715059,-13.06871523,-2.013482055,78.62198744,11.83315339,,10.24038633,-8.522419742,32.62792137,21.36611653,-3.310473433,-19.8309332,2.415912895,44.17807783,2020-07-31,Group 3,3
117,2020 07 31-4,-10.73064234,-53.7913751,10.48914114,-4.171681362,-21.8585589,71.78220337,20.6848801,-18.64033012,-2.399246866,40.00280997,19.07148394,-0.914745365,17.75715878,-12.46111404,33.16073481,21.95933792,-9.623522848,-13.53853997,1.71816531,45.51204231,2020-07-31,Group 3,4
118,2020 07 31-5,-17.85133234,-57.62642301,13.96944325,-0.424205214,-24.50144256,76.98457174,19.03166256,-18.26348855,-2.589873337,44.910853,18.82150222,8.795980438,16.29262345,-15.76161164,36.65061484,18.524476,-6.380466693,-19.35661684,0.222697365,49.80114593,2020-07-31,Group 3,5
119,2020 07 31-6,-16.13182826,-58.08382667,13.24871623,2.880619144,-25.24413208,76.91433977,25.14710442,-17.8948195,-3.354474018,45.50670354,16.79187336,13.17680299,14.86305489,-6.092851166,39.15612335,1.004929442,-8.771824601,-18.05681194,-5.605826737,53.01219504,2020-07-31,Group 3,6
120,WM 1,2216.54917,9.12137141,-47.61312444,-22.13087345,-14.65876518,,-88.01925259,3.068392027,60.73679286,,-4.177025151,,-4.583142318,,13.25646414,-7.409986036,-12.15199348,-2.854302913,-5.799686775,-67.80785455,2019-05-16,Group U,1
121,WM 2,91.78923694,114.8582084,-36.52368305,-25.77232696,15.57283071,26.89028507,-4.209601946,-41.19493829,-25.34478337,-25.25321995,-6.385679475,,-7.742125123,-13.45638141,9.398044762,-29.36956007,7.833723526,7.176039909,12.36814416,-35.92321251,2019-05-16,W,2
122,WM 3,63.80076518,140.329999,-41.00133854,-27.29498795,14.90574367,-24.312326,-20.84537163,-7.922330729,-7.228450797,-30.18819255,-9.015411549,,-7.59109728,12.34073207,14.85018208,-21.83515161,6.463029373,7.929328595,10.20126534,-37.70232618,2019-05-16,W,3
123,WM 4,71.89353906,129.315434,-40.73210907,-31.09397913,20.08921319,-16.25015786,-17.34391516,-14.80096625,-8.997935387,-28.52271099,-11.4995671,,-9.022258584,15.88099466,15.94616279,-31.8917057,-3.374473298,24.28212847,-7.353752856,-35.1226065,2019-05-16,W,4
124,WM 5,137.4854988,136.5328889,-30.23323723,-18.41643143,22.22770193,32.21391154,7.754002259,-28.33577627,-26.47988789,-5.086287574,-11.02445211,,-9.987995096,13.82574683,-4.50771486,-22.12229739,2.634057254,19.0898385,12.68373835,-41.4976287,2019-05-16,W,5
125,WM 6,51.90216974,95.50830763,-35.7000358,-25.53880646,13.49374275,-24.87887396,-23.68249626,4.801310824,-5.675788886,-21.13610735,-10.83482723,-32.81802478,-13.52347094,13.26148039,8.114828578,-21.61245973,1.58636562,11.72054674,17.06542944,-30.52911841,2019-05-16,W,6
126,SHEEN:13AUG20201307,-15.02958206,-54.96005733,-16.89782103,22.75817461,-19.29933631,71.47786482,41.27495304,-0.057308187,-3.16175275,71.67557682,16.3176979,25.1811527,14.07178098,-2.878093419,26.18690186,-37.92067213,-6.914849829,-13.30515788,-8.320745081,27.83865141,2020-08-13,W,1
127,SHEEN:13AUG20201300,-19.81599335,-59.37930949,-7.887286619,37.68436586,-16.8364816,44.56303236,21.37149148,-2.421422093,-4.66570082,41.30617465,24.23931058,-16.35492772,19.85569601,-4.745822392,18.27159091,-28.73859975,-5.612959617,-11.89165502,-10.84841455,40.95171525,2020-08-13,Group 3,2
128,20200203-1,98.55319193,31.62006685,-7.955506268,6.587111592,-0.487664363,,53.65635342,-62.97658676,-28.94542709,,17.33684056,,18.76474808,4.61634057,7.466565332,44.75971923,-1.98894029,1.530936501,0.212130446,-24.70649009,2020-02-03,W,1
129,20200203-2,11.03231084,13.7234443,-11.99207514,36.73776837,-4.641610659,-26.07627952,-24.45399226,-2.815678974,5.308245041,-28.03365826,74.20168589,-18.07366208,75.25224249,12.49064784,22.74642601,75.08279162,-0.42653897,-4.233886777,-1.488754045,63.83597111,2020-02-03,Group 4,2
130,20200203-3,15.10998814,11.02359616,-13.8103998,17.22446909,-5.914870432,-29.69779512,-24.70190647,3.361349766,-3.083339025,-27.20919477,46.19788641,8.395224009,47.53429948,12.67420231,18.85953245,30.94972812,-8.744130246,3.099541984,-7.215722242,-1.732776352,2020-02-03,Group U,3
131,20200203-4,41.13510806,30.75047568,-11.08942976,4.539983969,6.840661281,-0.181082459,14.62308247,2.60347249,8.114536186,2.594557074,32.65445322,-37.63674861,33.61332563,-5.054088338,8.193097035,2.328401527,2.222552779,4.516871713,5.421749791,6.580004364,2020-02-03,Group 4,4
132,20200926-1,14.50122984,9.844365192,-8.286813961,15.09814358,-2.872126108,-24.40823578,-14.91540159,2.343034442,-2.934891496,-22.50348433,32.65445322,-17.99727389,30.68137178,0.139007229,11.37079639,17.96137121,-6.168177502,3.511901793,2.029036678,-6.889225234,2020-09-26,Group 3,1
133,20200927-1,47.93985686,26.77153341,-15.90728811,11.97698586,-2.204050785,151.6215911,23.07039533,-17.05820878,-20.27936365,109.0598912,45.81461723,,45.89960845,-9.574375174,21.35260344,22.28456282,-4.283521238,2.171721366,6.057367576,-8.569286697,2020-09-27,W,1
134,20200927-2,51.61481223,22.07657955,-10.53889991,16.59606571,-1.93963884,53.89092256,-25.42768418,-19.24517707,-11.12096335,24.48897127,25.93003393,,27.22247691,-9.281735611,14.52127098,133.3925796,-0.49868649,-1.448955424,19.50786006,-18.95486189,2020-09-27,W,2
135,20200927-3,122.3389987,22.57882365,-13.6678363,-3.581968632,-5.369700008,,88.05948459,-49.65107617,-28.75478332,,24.69518603,,27.16302715,-18.92811106,18.45187554,654.0881374,-4.724611002,-0.677865661,-3.240812595,-30.66828464,2020-09-27,W,3
136,20200927-4,29.94828367,39.34503205,-3.965607529,-13.04467383,0.071929207,-7.711391271,-4.168490188,-2.850905271,4.70648364,-10.18760811,1.605655299,-32.63645188,-2.912322505,-7.858704013,8.777030166,-0.044483148,0.977656669,-0.897743883,-1.090898274,2.603044854,2020-09-27,Group 4,4
137,20201013-1,43.16674385,40.75105264,-5.591905953,-18.80195902,12.75119775,-1.353010455,-13.86892604,-7.950904981,3.864657852,-9.039515485,-0.531264248,-32.12847372,-6.133181435,-0.66492241,-2.624885309,34.70953654,-1.526538717,14.49816275,3.37085508,3.468793057,2020-10-13,W,1
138,20201001-1,49.8270412,42.44829896,-6.703706566,-5.89057497,8.896629649,8.702568898,10.67975901,-6.100038874,-0.96413397,2.247953841,11.41070354,,10.45031642,17.75759174,0.782500384,-4.222834168,-6.646070521,16.64829432,-10.1925556,-0.068442178,2020-10-01,W,1
139,20201001-2,30.2636368,17.70666428,11.85523353,3.17000434,-5.029114765,-19.89374613,-34.64383014,-14.54746294,-2.486793838,-31.42895159,18.04798281,,23.98532909,-34.33725625,16.88089576,-25.37775271,-3.062830961,-2.029187216,0.45596699,-24.38401459,2020-10-01,W,2
140,20201001-3,117.8768074,39.54672601,-4.735774856,-6.140756403,-0.143701079,39.35501994,10.75832393,-14.02090375,-7.513901718,20.02311647,-0.467601672,,0.028124906,0.689100655,3.674660471,-9.120878021,-3.366518834,3.334275192,5.139784007,-6.988702557,2020-10-01,W,3
141,20201001-4,35.51521986,21.7977583,-10.91026488,11.156022,-0.599857132,31.31508349,59.12021027,-3.636954926,3.132483903,26.75775391,26.37991282,-61.04970725,25.99204229,2.662835867,15.40735445,-12.80349352,-4.213751007,3.772050752,3.26658922,-2.01616986,2020-10-01,Group 4,4
142,20201001-5,54.58910928,32.43535426,-15.83331589,-7.097982368,3.102008992,4.940900586,0.673760014,-5.601387119,-0.535201442,-0.766158177,11.26320481,-16.66576266,15.35842247,17.74072612,18.0005492,-2.213522997,-1.055546148,4.201082207,0.708272449,-1.185858688,2020-10-01,Group 3,5
143,20201001-6,52.99675374,44.94881508,-6.178887807,-7.379323827,-2.504217495,9.393321008,12.8264351,-4.300471656,1.085980499,4.869696247,5.716358824,-45.22085098,1.856838434,-18.12864073,9.178098182,4.219797858,-0.754803127,-1.763498161,0.858359293,-5.044373053,2020-10-01,Group 4,6
144,20201001-7,120.8893869,49.40313561,-10.1554952,-4.936697351,-4.878328632,1.954952628,-24.5188108,-19.28755158,-4.694774034,-17.56754109,13.78480267,,12.62425915,9.23384598,15.24456322,27.74265822,-4.826400947,-0.05535329,5.703470494,-13.20816086,2020-10-01,W,7
145,20201001-8,39.73085147,41.72734527,-5.331411879,-12.38553725,-0.329653219,6.826250333,16.83133706,-2.184298987,3.335964853,4.673311048,3.896031657,-28.73113596,-0.757730172,-10.84208976,10.66614664,-22.86034455,-3.269788623,3.038704528,-3.887369166,-1.880066911,2020-10-01,Group 4,8
146,20201001-9,,,,,,-74.3442603,-93.50135216,-85.29156146,73.03910699,-96.21992413,,,,,,6572.272773,,,,175.1258546,2020-10-01,Group U,9
147,20201001-10,29.2971297,24.77984661,14.48294377,5.000457707,0.115895472,-33.4050063,-33.20248744,-3.716200851,3.958706606,-35.76907061,17.50332578,-13.35482606,15.86816221,-29.30354006,11.91897094,2.576434709,0.620872869,-0.502650202,-4.522476972,-18.96045371,2020-10-01,Group 4,10
148,DC-2 Piston Core (0.0-0.5),-43.08205401,-81.82417718,-34.46567777,-14.02961845,-57.77048961,-23.35023658,-25.01560185,-9.558818954,-8.236837202,-30.5573238,-10.6773374,23.59262548,-16.04778095,-5.333811142,110.8378301,296.068797,-15.26892283,-50.16093617,-19.89277829,32.34809122,2012-07-22,Seds PC & Box,1
149,DC-2 Piston Core (0.5-1.0),-35.32205222,-79.77215057,-30.68177287,-3.24259794,-59.1170939,-25.0624849,-26.59844831,-11.11487003,-7.53898318,-33.27665576,-12.7551627,23.86136352,-11.04100472,15.81855101,112.4350864,250.673427,-14.48962948,-52.18991361,-20.70992425,29.94225378,2012-07-22,Seds PC & Box,2
150,DC-2 Piston Core (1.0-1.5),-44.49844094,-74.31844613,-33.6413344,-11.89431645,-52.09129077,-20.74037133,24.06720056,14.97511759,1.15337295,-8.713763733,-11.33809504,-29.03864837,-13.55722447,2.966222623,82.11846274,,-13.6094191,-44.544499,-22.68812246,34.22806847,2012-07-22,Seds PC & Box,3
151,DC-3 Piston Core 0.0-0.5,-26.95385248,-76.49086806,-16.51297455,-1.591688168,-50.01216721,-22.51050132,-34.67341523,-14.26544957,-8.658849133,-33.44998897,-23.45267047,114.5977774,-26.56397552,-15.8548704,53.00033924,317.182597,-12.67289445,-42.75839532,-16.73129452,11.09749117,2012-07-22,Seds PC & Box,4
152,DC-3 Piston Core 0.5-1.0,-29.84092179,-77.37401298,-15.58258894,-5.02729135,-57.74074407,-20.10600151,-32.25610686,-13.58332591,-9.093205555,-30.83902448,-22.68189727,101.2538301,-23.3105884,-10.57771082,85.72854669,308.5869838,-11.4665734,-52.26783537,-21.3595681,14.974571,2012-07-22,Seds PC & Box,5
153,DC-3 Piston Core 1.0-1.5,-51.2658395,-69.17550633,-24.38080653,-17.16535169,-49.25880448,-15.01931278,-11.65477252,-4.270021806,-4.769445879,-18.50750687,-24.39905782,51.23453587,-28.31640178,-19.38568602,66.6526772,34.15527171,-11.84070278,-42.4441949,-12.48180649,38.52746428,2012-07-22,Seds PC & Box,6
154,DC-3 Piston Core 1.5-2.0,-32.74034792,-76.38775925,-13.99612148,-2.612344816,-58.04547052,-18.91068431,-30.96330083,-12.66408365,-8.956180054,-29.05759252,-22.8523162,103.8589608,-24.97416025,-18.22518715,81.2763513,242.1613405,-12.15038941,-52.24316121,-20.38190583,12.85172771,2012-07-22,Seds PC & Box,7
155,DC-3 Piston Core 2.0-2.5,-29.05937613,-76.37368511,-18.54098231,-6.68147066,-56.01797433,-22.66757463,-31.8437993,-13.94201271,-8.516944536,-33.3343341,-20.30106282,116.4790086,-22.76219695,-16.37425446,80.35590925,272.0203065,-10.72569907,-50.73422411,-17.8958335,15.56104025,2012-07-22,Seds PC & Box,8
156,DC-3 Piston Core 2.5-3.0,-34.22148943,-74.09445883,-16.46889283,-9.808641282,-53.67725591,-21.7223349,-33.0829315,-12.42951461,-9.605242554,-31.33348198,-21.13649864,116.7431242,-22.9263277,-13.04123125,70.91354715,109.3291413,-9.331548536,-48.91014886,-16.371981,19.78215986,2012-07-22,Seds PC & Box,9
157,DC-3 Piston Core 3.0-3.5,-31.92560894,-74.22565627,-17.53294862,-9.555294769,-48.47123174,-19.81531374,-26.97348362,-12.42054787,-8.030972849,-29.65340776,-21.24148,97.86695587,-22.22625461,-11.12015498,59.10843458,42.98467994,-10.42484795,-42.47471691,-13.38834576,23.07980637,2012-07-22,Seds PC & Box,10
158,DC-4 Piston Core 0.0-0.5,-32.41444745,-77.24582845,-16.39126909,-6.62630018,-53.47126195,-20.42225398,-31.47454853,-14.4889327,-9.607208469,-31.83469744,-21.15739823,105.6032382,-21.94434267,-18.32301718,69.47729885,306.1383427,-11.61672123,-47.35614037,-18.31855406,10.24533359,2012-07-22,Seds PC & Box,11
159,DC-4 Piston Core 0.5-1.0,-42.35710355,-74.83153584,-18.54098231,-11.97484445,-51.50261179,-16.109974,-28.11383519,-14.11304301,-8.392947231,-27.82497376,-21.26624179,113.0650445,-22.43731531,-13.70134336,67.87845641,96.72076953,-10.89352108,-45.57409926,-16.51392298,17.61225424,2012-07-22,Seds PC & Box,12
160,DC-4 Piston Core 1.0-1.5,-32.04131066,-76.83377079,-15.84386207,-7.645819802,-53.89316701,-22.63037769,-31.81717579,-12.91710996,-8.021370021,-32.507935,-20.92289685,110.6432949,-24.11413554,-17.55401125,70.68048454,273.3975111,-13.89019683,-46.4561922,-21.16202934,18.436531,2012-07-22,Seds PC & Box,13
161,DC-4 Piston Core 1.5-2.0,-33.62412105,-77.89462781,-16.33938724,-11.56415166,-53.27103583,-21.43442564,-33.09857697,-13.16800853,-9.348943351,-31.66212705,-18.97916418,112.8539661,-23.87846516,-13.9898987,75.49424437,215.0648962,-9.097153009,-48.59501622,-14.72457044,19.89180028,2012-07-22,Seds PC & Box,14
162,DC-4 Piston Core 2.0-2.5,-38.10451724,-77.72039059,-24.24350093,-14.00743254,-53.98489148,-16.64704203,-28.77387784,-12.6865128,-8.535686264,-27.09593309,-21.98806623,100.5329823,-21.9186053,-7.188237202,91.99919903,204.159987,-13.16045274,-47.01176456,-20.8970174,18.3684498,2012-07-22,Seds PC & Box,15
163,DC-5 Piston Core 0.0-0.5,-24.42455426,-75.98585345,-21.49460739,-12.33132037,-48.43597429,-17.70178396,-27.61168004,-14.44462166,-8.079565928,-29.46784666,-22.10605627,102.3500224,-22.17303959,-13.3856571,58.49265911,292.7223614,-12.37811447,-41.1521258,-17.37786834,11.06807467,2012-07-22,Seds PC & Box,16
164,DC-5 Piston Core 0.5-1.0,-32.20886666,-78.99541356,-13.89399137,-3.206966745,-52.80686153,-16.54265416,-27.32979034,-14.55946109,-8.37025448,-28.57044351,-24.61191115,98.26317004,-27.38028539,-19.96003132,53.9763264,295.7802278,-13.77792851,-45.26602812,-17.82575499,9.260010482,2012-07-22,Seds PC & Box,17
165,DC-5 Piston Core 1.0-1.5,-20.8577473,-75.14391926,-16.5228535,-8.963097294,-55.29935652,-16.56441618,-26.65490704,-14.26031146,-8.509825786,-28.3390409,-20.82179178,108.806052,-24.58385547,-17.95913481,79.09538431,294.8129894,-12.0854102,-49.15486812,-16.81637947,13.48898499,2012-07-22,Seds PC & Box,18
166,DC-5 Piston Core 1.5-2.0,-27.80136757,-77.71436783,-11.68504426,-3.148272134,-51.65345709,-7.100657831,-18.05334681,-13.84093869,-8.793272109,-19.82056286,-18.67233794,80.45994661,-23.73382005,-13.07088263,56.41722027,300.3033108,-11.30129544,-45.49395067,-17.60968375,17.77356144,2012-07-22,Seds PC & Box,19
167,DC-5 Piston Core 2.0-2.5,-25.73932235,-77.59575786,-13.92938875,-2.590048919,-55.64338292,-15.27683001,-26.70451534,-14.73957401,-9.509718401,-27.63990959,-21.37078478,106.4318875,-22.88808841,-25.84888206,75.26266849,306.7588749,-8.816737887,-51.35481619,-20.64315768,19.8464897,2012-07-22,Seds PC & Box,20
168,DC-5 Piston Core 2.5-3.0,-26.70521063,-77.08519167,-16.62812102,-9.198740701,-53.12919351,-16.47548937,-25.27846879,-13.60617458,-9.505053232,-27.71535541,-20.01354861,90.08470667,-21.83949547,-11.23515809,70.7838419,325.9777452,-11.71044174,-46.912822,-14.47461991,14.04364583,2012-07-22,Seds PC & Box,21
169,DC-6 Piston Core 0.0-0.5,-24.93115245,-77.56488503,-18.08372795,-4.171681362,-47.71892853,-16.0025604,-27.37799354,-14.68275025,-8.885085605,-28.21192611,-19.7068521,101.6993792,-22.26853279,-8.225427053,54.14213282,307.6673075,-11.10552918,-41.18795404,-15.60377349,18.15220751,2012-07-22,Seds PC & Box,22
170,DC-6 Piston Core 0.5-1.0,-21.43655834,-76.05157308,-20.35998312,-7.969754967,-52.62471603,-10.82232977,-23.274105,-15.14356454,-10.37324908,-24.19631602,-19.31980322,80.68064773,-20.82226373,-12.29510453,74.07689151,300.1665644,-11.7134485,-46.33960935,-17.38804615,14.01988709,2012-07-22,Seds PC & Box,23
171,DC-6 Piston Core 1.0-1.5,-20.81238889,-76.35537483,-17.40627931,-7.024885921,-55.84190462,-11.73324779,-21.85093016,-15.41449957,-9.089198203,-25.21018212,-17.20235371,77.3031916,-20.56282662,-9.699940376,86.31025856,319.2750489,-12.26600151,-49.668605,-18.27771334,17.31463664,2012-07-22,Seds PC & Box,24
172,DC-6 Piston Core 1.5-2.0,-23.82585777,-76.87998782,-14.66367429,-4.278394412,-52.20200928,-6.833552189,-18.16216389,-14.32170484,-8.749295866,-20.038716,-22.6735586,80.06473764,-22.23252516,-14.80788341,61.21887115,311.0769097,-10.23682831,-46.75142275,-17.06315706,16.74329203,2012-07-22,Seds PC & Box,25
173,DC-6 Piston Core 2.0-2.5,-24.37495057,-76.76525274,-18.12332351,-8.039625606,-54.47891625,-11.51151045,-26.81045981,-13.74713062,-8.499293937,-23.5443228,-19.13920279,79.79784326,-21.01675332,-15.18463638,76.42017139,307.3598114,-12.84331583,-47.77139202,-14.7958114,15.51336719,2012-07-22,Seds PC & Box,26
174,DC-6 Piston Core 2.5-3.0,-30.17277791,-74.93887335,-18.72380028,-7.557841031,-51.79040822,-13.37169066,-23.22159322,-13.81679069,-9.815349766,-25.21200217,-19.76545168,83.51632269,-20.11439096,-17.97556928,70.07828218,228.7219431,-10.35917702,-46.21958164,-15.34859912,14.71981658,2012-07-22,Seds PC & Box,27
175,DC-6 Piston Core 3.0-3.5,-33.36388653,-73.51478247,-15.85249602,-6.014533644,-55.15367803,-9.848691149,-15.34988586,-10.5511619,-7.990008291,-19.22143279,-21.29068442,53.83523398,-21.52809904,-15.51861629,74.26479317,120.2502501,-11.43058128,-49.36630824,-21.20799454,16.83631458,2012-07-22,Seds PC & Box,28
176,DC3-BOX,-48.66416442,-85.63613226,-34.73964144,-15.30250914,-57.09881665,-80.59647765,-74.9825604,-6.712324285,-7.665022794,-81.86764331,-14.02245791,30.93826667,-17.82875619,-7.938699853,104.3789318,80.68050062,-11.06437927,-51.76191169,-18.17543263,118.0283966,2012-07-24,Seds PC & Box,1
177,DC4-BOX,-41.48706714,-83.87982944,-31.07391573,-9.886214125,-55.09995158,-52.76665715,-42.60566853,-11.11487003,-8.250510238,-57.94407394,-12.09644666,27.43666896,-17.84473538,-10.61292753,89.14360657,272.4195186,-11.9946206,-48.98074095,-16.76798435,46.60320731,2012-07-24,Seds PC & Box,2
178,DC 3-1,5.995633389,43.52068909,-2.549120859,12.09275804,-27.03131955,-2.143451076,-13.95377562,1.434784288,2.5685447,-0.567991707,-4.270756251,17.45137701,0.39801232,-19.35146296,27.57614347,56.11253398,-5.630557648,-22.67825241,-9.341361867,-27.16557299,2013-02-23,Seds DC,1
179,DC 3-2,6.194729832,54.20360317,0.580082582,17.89647471,-29.22421632,-10.18717411,-0.11373665,1.343346682,3.920061553,-8.823480652,0.102150759,18.1724657,-0.421659429,-12.37264752,27.72202232,44.50068747,-6.037208767,-24.67739441,-11.24783922,-31.5210941,2013-02-23,Seds DC,2
180,DC 3-3,3.507792009,55.25611701,-2.018920211,16.57646836,-35.23389654,-13.67706759,-8.37119791,-0.988995105,0.638576575,-14.38318672,1.728875169,34.94888953,3.170856475,-8.923637199,39.10410824,43.53015106,-7.45233175,-30.01920925,-14.76816729,-33.80791102,2013-02-23,Seds DC,3
181,DC 3-4,-1.614389314,52.00532465,-4.39369546,9.137807338,-36.40436829,-16.33098329,-12.40952911,-0.53199282,-0.120953076,-16.63236377,1.847001899,40.94467394,1.016897491,-18.03710299,46.81990596,68.47732029,-8.715647796,-30.33293653,-14.34455516,-35.98341654,2013-02-23,Seds DC,4
182,DC 4-1,23.3330193,102.2944217,-8.437711,2.423789961,-12.23153888,-14.180972,10.04173369,8.42385971,5.377149018,-6.790997472,-3.313080743,-7.623891174,-0.095595718,-9.75920016,16.06532204,-29.59452431,-3.792921399,-8.77202941,-5.352249634,-40.82114328,2013-02-23,Seds DC,5
183,DC 4-2,36.07297294,82.17290627,-10.79950399,6.244440229,-1.800862793,-24.72144857,-17.81601289,3.424504695,3.229432931,-22.00906824,6.074792557,27.30686379,10.1022587,-14.82261164,11.37079639,8.023025776,-2.506188954,0.72265893,3.354656658,-26.45992572,2013-02-23,Seds DC,6
184,DC 4-3,23.92207363,82.21487366,-4.813389509,10.76626243,-15.39383807,-18.76189658,-8.352402258,2.625650253,2.855413246,-16.48488116,8.199308534,17.30089205,6.500414383,-4.157833641,20.04642002,-0.205071608,-4.935864636,-11.00167174,-5.774747089,-33.03477737,2013-02-23,Seds DC,7
185,DC 4-4,40.66421793,72.55042589,-8.175138848,7.540668694,0.923502504,135.3760615,928.3271387,48.02836722,16.64899634,249.0250887,5.567402601,-77.58211685,9.341239741,-11.0961009,4.472307511,,-2.912307407,3.950047409,-1.696379815,-22.60952574,2013-02-23,Seds DC,8
186,DC 1-1,12.21815689,35.56379637,-7.464207106,3.528808528,-21.01832835,28.95770596,114.9421816,8.19558194,3.761906948,39.76751113,-15.05326392,-34.8139132,-12.06390323,-17.10760178,23.25621735,-83.01603294,-5.983851134,-15.99204338,-11.83366206,-19.40197502,2013-02-23,Seds DC,9
187,DC 1-2,31.21183733,78.96785492,-6.035370179,3.63877721,-7.748629093,-12.63560306,16.38068819,8.58215716,5.104708097,-4.974020594,-4.029633999,-6.716994576,0.159914267,-9.785725969,10.48349796,-42.1001123,-1.147076632,-6.678895795,-0.296656855,-29.93336347,2013-02-23,Seds DC,10
188,DC 1-3,36.68351384,85.11690785,-12.51689305,3.916580394,-5.515061452,-24.44795514,-17.66130934,2.349344513,4.288017379,-22.53942891,6.935732698,23.15582119,11.23473907,-0.262550331,18.41683061,1.90380235,-2.267110889,-3.324059668,-2.970999331,-26.84153411,2013-02-23,Seds DC,11
189,DC 1-4,3.870848122,-2.29498729,-8.058387594,2.797650902,-27.45199516,15.48762304,81.3028564,9.738590441,6.18054623,26.95336773,-4.051393872,-16.29450346,-3.630998823,-12.08718483,30.21538678,-71.12951151,-8.794586672,-20.45710107,-14.62390592,-0.311303733,2013-02-23,Seds DC,12
190,DC 2-1,14.88690226,23.72485533,-5.365811802,11.40042042,-19.98132053,-7.170679947,57.95840967,17.40352138,2.679190379,9.173114061,-36.87459791,-48.78319859,-31.2693863,-17.8028097,18.41208653,-58.28663036,-4.790047395,-15.95621785,-12.8894307,-15.4661382,2013-02-23,Seds DC,13
191,DC 2-2,31.22250938,64.39175185,-9.533904131,-1.52449024,-22.14627292,-17.44680498,148.7557177,51.07060777,31.9649228,24.92900135,-22.78121559,-70.86745256,-19.16631545,-14.8592289,33.75897279,-64.33971329,-4.639846421,-18.35886688,-4.802745552,-29.12683218,2013-02-23,Seds DC,14
192,DC 2-3,19.43849748,46.27491823,-6.360813349,7.806858468,-24.86592034,-0.94405574,-12.90632016,8.533898423,7.869664073,7.694952904,0.450365797,-4.613290313,-1.826379391,-14.38463798,28.31852627,32.03780298,-6.198632491,-19.90150456,-9.542279042,-21.50945363,2013-02-23,Seds DC,15
193,DC 2-4,11.04288105,52.66026789,-5.480585377,9.351754259,-31.10473231,-12.15249441,-0.17332603,1.726225914,1.152172345,-10.4817111,3.044084198,32.76551565,1.361833238,-16.26006364,39.49285367,56.39403,-9.686870846,-23.71571863,-16.00764982,-30.51508956,2013-02-23,Seds DC,16
194,S-1 CTRL,,,-83.62563665,-73.64721237,-55.97225497,85114.7938,75706.07236,-17.72574835,2.976419615,70130.91779,-62.64538062,,-60.12864951,-53.43129095,182.4621648,-99.95590701,14.5136887,-61.55272219,-8.848218726,362.9521592,2007-12-09,Seds 2007,1
195,S-2 MS6,,,-53.76650348,-40.10730085,-63.23377541,84213.04995,73901.16588,-20.28792227,-10.93931277,67223.75562,-44.48055808,,-46.00754622,-36.49721493,174.8280522,-99.77443169,2.346609275,-64.07703841,-25.93917771,378.7346192,2007-12-09,Seds 2007,2
196,S-5 MS30,,,-81.18404211,-77.93720106,-55.10896585,237284.0684,177502.7981,-37.45667748,-4.329339885,148624.2965,-70.0412737,,-68.15503902,-71.74126064,203.6468271,-99.95504244,16.75905514,-61.55272219,0.951059991,672.4121587,2007-12-09,Seds 2007,3
197,S-3,,,-42.93052773,-31.72232297,-43.13802341,66854.48084,166094.285,58.09562082,87.95274903,105934.9151,-33.11540174,,-34.95497332,-41.14376018,78.39715669,-99.9560415,-4.257574781,-40.60989607,-23.08490667,144.5971836,2007-12-12,Seds 2007,1
198,S-8,,,-40.66701279,-23.33734509,-57.02997857,86425.79063,84664.97182,-26.1951566,-7.228450797,63870.51471,-23.17309659,,-28.39919642,-34.73324868,154.2159483,-99.79343824,-3.437105745,-55.50083587,-26.37631832,225.3177335,2007-12-12,Seds 2007,2
199,MC21 B1,0.623738335,-42.83571835,-17.83806341,26.77047454,-62.12154918,-43.46833009,-50.44130876,1.136523526,0.731666529,-42.72709115,8.259664987,36.90029368,7.302897627,-2.303407581,107.166654,493.6939362,-13.98749604,-55.96204178,-22.10097821,10.96084607,2012-05-31,Res Oils,1
200,MC21 B2,183.9474521,-95.23559675,6.424275017,42.11520462,-74.96861784,32.76248085,-14.17546603,-12.23411131,-4.937795262,16.72140849,39.03283146,31.29796033,28.8009134,27.00557014,217.395648,3396.004346,-16.90457786,-69.87657913,-16.64857179,188.2490344,2012-05-31,Res Oils,2
201,MC21 B3,377.6989006,-97.15721349,13.402916,55.40460353,-66.57686983,77.50722828,13.82981885,-16.79177851,-7.067108973,47.95569548,35.98261213,25.60471544,30.43104956,53.48105153,123.9974274,3472.643136,-13.89210966,-61.18489828,-7.888379388,258.5355695,2012-05-31,Res Oils,3
202,MC65 B4,198.2488328,-87.80989679,-5.487495112,25.65973553,-62.46992482,5.541405328,-24.88881663,-6.115407619,-5.77435128,-0.741752412,33.34737614,29.4779886,24.58666887,19.60966345,129.0629774,2947.293409,-15.94539449,-55.35071821,-18.46302465,77.16437608,2012-05-31,Res Oils,4
203,MC22 B5,-9.455121182,-61.3680449,-32.26544192,12.05730808,-67.5554489,-46.92159272,-53.59214556,-2.14504535,-4.249547841,-47.97044539,14.4265108,36.58015675,8.350958103,-8.055813119,161.8170896,641.2494098,-12.86608139,-62.76502374,-15.50746633,20.92395999,2012-05-31,Res Oils,5
204,MC21 B6,46.26787673,-49.68063835,-24.55533976,18.39153184,-75.46237909,-49.38241248,-57.33856354,-1.414295404,1.38143776,-50.01211146,21.86464014,49.77855278,14.85099996,-18.26374199,249.1105407,1200.795165,-13.08874378,-71.767263,-14.18372595,20.17780696,2012-05-31,Res Oils,6
205,MC22 B7,27.59624893,-47.20666787,-28.20885633,13.20836152,-67.0987899,-52.10179447,-59.02359971,-1.645581515,0.073782056,-52.80863669,19.31328506,60.67975497,12.88264575,12.44639503,177.2951739,1132.275212,-14.42580291,-61.55272219,-22.08740984,15.06315017,2012-05-31,Res Oils,7
206,MC22 B8,37.56986703,-52.87865152,-28.92676777,22.85071408,-70.04645746,-49.51921157,-57.94992574,-2.375523128,-0.867859631,-50.63328208,20.09965675,49.82452967,11.03728096,3.858271989,189.658653,1122.845628,-17.22950581,-63.81161501,-16.64326761,20.3675614,2012-05-31,Res Oils,8
207,MC22 B12,-7.9454092,-58.56491382,-29.53837309,16.65254942,-61.47265641,-44.8588577,-52.01043564,1.430039023,-4.270968524,-43.97372392,21.17382709,29.85992957,14.37518796,-2.82597075,118.8614124,485.1547327,-14.39230761,-54.9958221,-18.57826337,26.21746659,2012-05-31,Res Oils,9
208,MC22 B13,-9.060787278,-47.97772099,-31.75640806,7.806858468,-59.42834236,-43.6552292,-49.47506606,0.332295274,-2.589873337,-43.37036403,18.00280396,39.63312496,14.54399084,-5.80863051,131.2172147,507.8058582,-12.14962203,-53.81768757,-22.81784038,14.28839163,2012-05-31,Res Oils,10
209,MC65 B15U,330.4511733,-94.68895104,1.320215787,43.74247796,-70.79468494,61.63230141,6.64873906,-12.83909948,-6.168204521,41.12347796,43.46987453,14.33150692,34.92423726,2.324325744,188.6026466,3898.72103,-18.42408111,-64.19889111,-16.78196433,179.2978962,2012-05-31,Res Oils,11
210,MC65 B15L,229.3025534,-95.98267429,12.65226961,56.93623197,-66.70906931,35.74481035,-8.872850018,-11.06110659,-5.7217203,20.93844003,50.36917834,32.56079785,37.01876272,40.59464349,133.1016669,3902.308759,-16.1162336,-60.31333806,-3.354513168,173.2771829,2012-05-31,Res Oils,12
211,MC21 A19,,,-9.543158975,12.18162954,-10.16760543,-50.33503067,-48.41148231,-1.951423848,-1.730877511,-51.22010416,9.943432962,,9.502184297,-27.81801879,23.74532932,288.422565,-2.312463168,-8.041818453,-10.21542497,-23.45153046,2008-02-21,Res Oils,1
212,MC21 A21,,,-9.50420254,-5.397392414,-11.06174813,-52.94513777,-49.70180298,10.7360726,10.27561509,-47.80330218,-22.52324496,,-18.24541133,-4.056727061,17.54070727,163.6984359,-10.60470237,-0.512052415,-14.7958114,-53.92629229,2008-05-19,Res Oils,1
213,TANK 131 8-1-10,,,-15.2734566,13.69314546,33.19824302,-38.7020184,-26.71847849,1.441500045,7.210700829,-37.71101663,25.9808719,-18.36639973,29.84797099,-7.026990399,-8.199796455,14.21456287,4.951286221,26.91334422,16.90594053,-27.87383385,2010-08-01,MC20 Sampled Oils,1
214,TANK 131 8-19-11,,,-11.21828566,18.4660229,14.59806903,-31.21374562,-18.02093065,-1.073578469,3.509812013,-31.83469744,24.53945308,-15.14436905,22.71077021,-19.54722342,-3.621426202,24.43698637,4.551375716,9.608467437,5.187101641,-30.01130093,2011-08-19,MC20 Sampled Oils,1
215,TANK 131 6-28-10,,,-13.6660218,16.75409434,8.942082155,-32.02781105,-21.52176359,0.111208729,4.253176579,-31.83469744,23.17913513,-14.51938617,31.61012735,-11.33169302,5.385629997,-15.08016471,2.352003036,6.437798318,6.594286947,-31.30009539,2010-06-28,MC20 Sampled Oils,1
216,TANK 131 6-21-10,,,-16.59839843,12.7391984,22.72841208,-41.22101366,-24.55461782,-1.697995274,5.870522097,-42.11928695,21.7661491,-16.14758833,23.67113625,-15.40248598,-1.780201802,,1.160455058,21.31958,8.96304888,-33.96101895,2010-06-21,MC20 Sampled Oils,1
217,TANK 131 7-6-10,,,-12.63388568,15.12895183,7.239692696,-34.58606473,-19.86109036,1.26466396,4.235714028,-33.64439574,23.55071623,-12.37787125,24.44378368,-15.12250058,4.93797865,17.38918408,-0.560204702,7.842984069,7.360651102,-15.24922148,2010-07-06,MC20 Sampled Oils,1
218,TANK 131 8-10-09,,,-13.89011272,18.30005936,12.50007692,-36.43003138,-30.24959877,-1.974441453,2.865862846,-37.57756176,24.72713195,-8.028953713,23.4541295,-16.32117731,-0.307471264,158.0290521,1.413926461,10.93070651,4.881186487,-6.402293569,2009-08-10,MC20 Sampled Oils,1
219,TANK 131 6-22-10,,,-13.31219402,19.99930079,14.22516376,-35.1835614,-20.30278108,-2.954697039,6.048336208,-36.99005646,27.41083059,-16.09171445,29.27435925,-14.1536424,2.602472818,12.95162558,4.062924877,9.764604855,12.13672991,-27.75821558,2010-06-22,MC20 Sampled Oils,1
220,TANK 131 6-14-10,,,-14.48682553,18.03244125,2.48882797,-36.60963601,-25.01215191,2.857391862,4.367992853,-34.6857177,21.37804161,-8.070628094,22.60897935,-28.86080406,6.90106543,-1.745645117,3.674321362,-1.144261963,0.858359293,-30.90847715,2010-06-14,MC20 Sampled Oils,1
221,TANK 131 6-5-10,,,-12.1563566,18.87502927,-1.828102498,-41.46784752,-18.61397551,14.67894412,6.285515031,-32.76001829,16.83159195,-9.632067453,15.63121753,-16.78945404,6.589496133,56.64823986,-4.99440377,3.331933259,-10.07903733,-31.3703048,2010-06-05,MC20 Sampled Oils,1
222,TANK 131 4-17-10,,,-14.29888449,19.48155241,16.34959648,-44.56519839,-25.96392791,14.71223844,6.91691413,-36.29967359,25.33619819,-15.2815778,26.91781236,-8.714746459,-1.298732203,40.35606873,2.340161433,13.68818707,7.037506436,-26.06415148,2010-04-17,MC20 Sampled Oils,1
223,TANK 131 7-27-10,,,-12.6209037,17.46992935,29.22091125,-39.40052073,-25.75216357,2.774841788,6.795155477,-37.611418,28.01759543,-20.36348527,29.15301285,-15.97106218,-7.275509267,4.79469036,4.524196707,23.62676871,18.23649985,-23.6352802,2010-07-27,MC20 Sampled Oils,1
224,TANK 131 7-2-09,,,-10.76695619,26.91045722,3.637325758,-36.68434964,-30.66659997,-1.871683626,2.68850791,-37.76211505,27.59092345,-6.804304908,28.22588813,-18.31645847,6.198437268,155.2088172,2.710902161,0.901172164,6.080428539,-15.93376664,2009-07-02,MC20 Sampled Oils,1
225,POT 1-1,7.788555102,43.20808248,1.540856852,13.38191719,-36.40436829,-12.05978636,-0.307863326,-2.216831925,1.809953812,-13.86076194,2.14392898,40.93621768,7.627837475,1.669698703,45.07256782,40.62724724,-7.265288042,-31.42252103,-12.3937087,-24.01524124,2013-02-25,MC20 Sampled Oils,1
226,POT 1-2,7.692803147,68.0307655,-7.693539926,10.80149343,-26.34404236,-4.54694526,4.045639225,-2.510408536,-4.985042069,-6.782492225,-0.696525132,36.43720157,0.216501789,-23.3833732,19.04746846,31.45782412,-10.39896915,-17.79628754,-14.73795328,-33.72674586,2013-02-25,MC20 Sampled Oils,2
227,POT 1-3,8.115666872,62.8583955,-8.396288007,11.89248492,-28.12822443,-4.261349823,3.923376429,-2.352704785,-4.78709424,-6.352341342,2.703362143,34.25137067,1.614291104,-18.24604411,23.76978492,62.85995809,-8.232180974,-21.68147113,-14.17294095,-32.54619847,2013-02-25,MC20 Sampled Oils,3
228,POT 1-4,7.984727945,51.57478259,-5.803801373,11.03257549,-35.19685629,-3.037738198,4.319663344,-1.748484233,-4.765489314,-4.568576415,-0.599115636,34.51001805,-1.437572973,-17.07900792,33.68706183,61.7776609,-8.794920342,-28.94844207,-16.55361447,-29.63553373,2013-02-25,MC20 Sampled Oils,4
229,POT 2-1,-1.328822915,46.62730631,-16.12152106,-1.077225239,-28.49982649,-18.93725355,-8.939617988,10.17725788,2.909757424,-10.53304039,-11.93842795,10.62052925,-14.10014132,-14.10251295,22.63683937,1204.98278,-7.146866654,-22.99709859,-14.73795328,-42.13454676,2013-02-25,MC20 Sampled Oils,5
230,POT 2-2,-4.009586306,25.38636993,-21.02974196,-7.147716102,-27.03238045,-18.46808789,-6.231743033,7.056137654,0.849970622,-12.56433764,-13.3507096,7.404509995,-15.85512887,6.454028526,25.16442713,1214.022715,-10.2614483,-18.68930382,-15.41026469,-35.95754628,2013-02-25,MC20 Sampled Oils,6
231,POT 2-3,-4.893885431,39.24864585,-14.48365086,-8.801225134,-33.1337358,-20.37845521,-6.899805946,7.792468744,0.51424299,-14.02574452,-12.8270736,8.025113874,-14.69809359,-8.50636583,36.3186969,1244.159679,-7.106495727,-28.01893451,-13.14088389,-40.22265522,2013-02-25,MC20 Sampled Oils,7
232,POT 2-4,-2.9289636,26.18457946,-13.993243,0.66813271,-34.96717887,-15.39668826,-9.893843548,4.523988135,1.473267887,-11.41651925,-16.89021847,7.643846655,-11.75741791,-4.132268913,39.04629215,1257.757819,-7.146866654,-29.96218515,-13.81453761,-33.85038999,2013-02-25,MC20 Sampled Oils,8
233,POT 2-5,-6.13984051,34.47220091,-18.45548348,-6.962797439,-32.21124971,-18.06885897,-8.394346239,4.18282847,1.883040642,-14.49440117,-14.3577019,8.271674435,-12.66275608,-5.421383935,34.97032305,1033.819779,-7.734685105,-26.52903965,-17.0803172,-38.67386982,2013-02-25,MC20 Sampled Oils,9
234,POT 3-1,-2.630977449,32.22216618,-14.66247137,-3.276089599,-34.51538913,-19.17255073,-8.458245272,9.782389354,1.138214117,-11.11244546,-17.09096674,7.642033278,-18.11679088,-2.409139824,30.77455032,1720.311321,-9.205384247,-27.87667944,-19.62626593,-38.89531537,2013-02-25,MC20 Sampled Oils,10
235,POT 3-2,-3.930901535,33.70443499,-17.65602743,-5.111174682,-31.27568831,-17.36407496,-7.031166868,4.738950744,2.02149839,-13.29851867,-15.69004605,5.266657399,-15.53180563,-11.654865,29.00510808,740.0671878,-10.25246175,-23.4254574,-16.52024481,-38.22779107,2013-02-25,MC20 Sampled Oils,11
236,POT 3-3,-4.380965055,36.68162686,-16.6090457,-4.589724363,-33.97174849,-17.17701224,-4.577443999,7.134395064,0.193273139,-11.11484776,-17.15568886,4.578375408,-15.65768968,-6.393300306,32.90588173,633.187649,-8.021937761,-28.21361258,-16.04486398,-39.60693641,2013-02-25,MC20 Sampled Oils,12
237,POT 3-4,-12.60483138,23.01259377,-17.34219093,-4.456038391,-31.9748218,-19.32533866,-7.013289105,9.929462293,1.413282553,-11.16161388,-18.328415,2.1161083,-15.99024902,-6.126317719,32.82290631,766.0978226,-9.148675499,-25.12531948,-16.24482064,-41.09556697,2013-02-25,MC20 Sampled Oils,13
238,POT 3-5,-8.683241059,40.28577262,-14.83303272,-5.655091867,-25.58655464,-16.47428515,-4.446759034,6.588945617,0.627204579,-10.81706248,-12.69520061,8.446031061,-15.45264144,-12.95123844,20.57525887,31.75706404,-8.939974003,-18.28153499,-20.80520674,-42.4672387,2013-02-25,MC20 Sampled Oils,14
239,DSUH 1-1,8.684258214,42.7534899,-18.24564639,-5.440488368,-31.56961266,-21.1777581,-9.422572965,5.560740613,2.32156162,-16.65095706,-12.31174928,50.30092994,-14.58877954,-15.22686459,32.17387166,1369.957383,-4.35316699,-28.45571282,-13.97654036,-43.8156731,2013-02-22,DSUH,1
240,DSUH 1-2,19.80477307,59.70135456,-19.37677304,-2.574542718,-29.41080961,-24.67620905,-12.01296784,5.302976013,0.350070123,-20.5448192,-10.40809208,51.51679517,-10.74135492,-15.42027342,27.10797414,1505.883833,-4.732770936,-25.90460379,-14.89011598,-44.66893375,2013-02-22,DSUH,2
241,DSUH 1-3,11.61245664,55.28854533,-20.57322392,-6.874531375,-28.85912384,-16.76796274,-7.90966024,5.157739533,1.97622635,-12.32391024,-14.34740712,42.83981591,-15.07627608,-15.76542333,25.18209574,1483.251166,-4.679754416,-25.36704896,-13.81453761,-46.21480307,2013-02-22,DSUH,3
242,DSLH 1-1,11.26659967,44.82572085,2.621078733,11.36683573,-26.76866651,-4.931648144,5.545730655,0.433690852,0.21311732,-4.354444575,-1.298769925,34.77690984,1.047695325,-12.7508266,19.30309853,29.95308128,-11.13043735,-17.59748693,-16.62675805,-26.55257617,2013-02-23,DSLH,1
243,DSLH 1-2,8.614996074,30.74100602,-1.728360913,9.674877454,-33.9770541,-5.708663767,6.496939084,1.707684163,0.173534511,-3.932837842,1.443768071,38.23272804,1.643198494,-9.721404098,41.43877514,30.94508953,-6.20950097,-29.6064919,-13.9108736,-18.14003458,2013-02-23,DSLH,2
244,DSLH 1-3,5.109700409,30.92117504,6.401855318,15.93435372,-38.31701886,-9.560982661,4.219780393,0.574223069,0.034802165,-8.884570447,-2.575206886,39.72444813,-0.578106154,-10.09718068,40.57419362,26.42201043,-7.022920824,-33.65838901,-15.61508245,-22.66199063,2013-02-23,DSLH,3
245,2 (SPLIT),,,-26.15483194,-9.989829279,7.45468807,-38.58042291,-24.93768533,7.344825601,4.367992853,-33.95539574,4.555234065,-18.29058972,2.871139533,7.75596149,8.949692119,14.93460466,3.8652319,3.455058354,8.023712251,-25.85509149,2012-09-24,MC20 Sampled Oils,1
246,3 (SPLIT),,,-33.18858884,-18.65671334,-7.49726296,-45.94410297,-32.50076862,9.22296989,5.162828182,-40.85657572,-12.5148188,-16.76415019,-13.21940155,-7.33499174,14.52958086,10.97478476,5.109685779,-11.99478613,4.629291254,-42.67619235,2012-09-24,MC20 Sampled Oils,2
247,4 (SPLIT),,,-32.3521514,-16.76307672,32.59089254,-43.11997842,-28.59887508,7.782304438,6.717599083,-38.58752181,5.033007098,-20.00215807,4.100167498,2.009793042,-1.074336869,10.55601198,5.61186988,25.54445029,13.58883869,-37.64836442,2012-09-24,MC20 Sampled Oils,3
248,TAMUGER6 (L5691),-8.965403186,-58.53569135,-12.64638906,-0.108913936,-35.37863229,-32.07796886,-41.98851012,-3.289492023,0.318182938,-34.19881198,-11.16889293,30.60668838,-14.72675686,5.157731046,45.93878512,714.9564839,-15.32143686,-23.6868777,-27.94379026,16.66122886,2008-01-01,Res Oils,1
249,TAMUGER6 (L5686),38.29948262,116.9083696,-20.74257739,-18.27213396,-2.122348064,-54.86050637,-53.79927211,14.02180697,17.01865865,-48.44224388,-10.42863371,8.383260121,-7.672904028,1.844089267,20.44072,283.4661312,-1.375085607,-0.75846792,-8.062427508,-40.5001259,2008-01-01,Res Oils,2
250,TAMUGER6 (L5681),-42.16708428,-84.48694254,-7.533006952,8.198883407,-62.23099124,-13.11020005,-25.7191168,-8.926872957,-2.492365703,-20.73007422,3.432861562,27.76493914,1.11563864,41.11730016,139.6208596,104.1965505,-15.45218343,-55.32858104,-26.38755858,52.69389468,2008-01-01,Res Oils,3
251,20200609WLB1A21,5.70047369,62.37830152,-13.72499309,-5.02729135,-6.758284328,-46.93607563,-42.34343945,11.01145288,10.89099241,-40.99123062,-6.137356543,0.338568661,-9.584967617,7.92582592,21.67600943,173.9143559,-1.650248512,-5.194497057,-1.687474695,-33.52222173,2008-01-01,Res Oils,4
252,20200609WLB2A19,-29.38433414,1.860354542,-1.960219425,3.186564533,-39.27334415,-29.43579932,-23.6619552,2.30374332,0.392069316,-27.68550511,-0.081702126,0.119607464,-0.231688405,22.29334934,49.46029505,206.4776011,-15.52965198,-28.1094776,-24.62706393,-31.71218321,2008-01-01,Res Oils,5
253,ROV-1,13.50160594,-6.817705313,-2.935200668,0.063824434,-2.23862997,11.26088077,-3.97520356,3.175208926,5.880572459,14.99190171,-6.128830121,8.026927319,-6.627518221,2.814032974,6.143221772,-11.4665547,10.85899651,-11.81537074,10.70182094,3.604574123,2017-09-26,MC20 Sampled Oils,1
254,ROV-2,23.66513465,0.237537063,-17.51523916,-22.24838692,-6.212502723,1.305040579,-10.19873787,6.889773193,7.722842469,8.471742335,-9.793057605,8.034731323,-12.85581601,-11.64829903,27.68837585,-22.37126168,15.28482465,-18.64778898,7.036934379,-5.164951627,2017-09-26,MC20 Sampled Oils,2
255,ROV-3,21.42149578,4.794554504,1.638603147,-3.949341876,-2.073983023,-2.042683463,-13.75164117,7.220443331,7.502166812,5.211662648,-9.334622286,13.18005997,-12.23598309,9.224790324,4.949304318,-22.97094586,9.784509815,-10.80231548,18.60579657,-1.226940769,2017-09-26,MC20 Sampled Oils,3
256,ROV-3 (dup),19.75016258,3.880162889,-8.780954802,-15.74991009,-2.160566592,0.341647971,-12.82893913,5.221373696,7.759710355,5.76320487,-8.630861302,13.57718298,-8.106030306,14.49139447,17.7261951,-18.34631222,4.043865733,-5.964030517,9.861095986,-1.156707824,2017-09-26,MC20 Sampled Oils,4
257,ROV-4,91.86791432,-11.05653635,-49.43211318,-39.80783736,,-65.14428497,-54.51635658,-32.8189311,1.700810813,-76.54311647,-4.488793681,-10.88559489,-2.692640091,,,48.77955143,22.42887486,,50.80485965,-14.38583633,2017-09-26,MC20 Sampled Oils,5
258,ROV-5,125.7026727,68.20472418,-12.64019552,-9.265545476,12.92682267,-74.87935681,-63.58177406,-31.14748266,5.336156052,-82.67393322,-13.65948472,7.094312479,-15.31650862,6.714739411,-10.50409306,40.47486773,4.501173031,8.061875498,19.31623577,-48.45773072,2017-09-26,MC20 Sampled Oils,6
259,ROV-6,87.41171692,-26.28245131,,,,-76.36900676,-65.89779606,-24.50127495,-2.766021848,-82.12808874,-8.838047558,,2.758815833,,,26.01806462,21.52473086,,,-29.81483301,2017-09-26,MC20 Sampled Oils,7
260,ROV-7,39.56493768,-14.09608148,-29.04318584,-23.7813373,25.18509208,-32.40974961,-22.29877583,-34.87368605,-3.265394327,-55.90493781,-10.32822,-16.0032036,-9.887673347,,5.515914429,-6.239929488,9.57671579,14.24333977,31.99309391,-15.08339517,2017-09-26,MC20 Sampled Oils,8
261,043019 A1,-1.035771464,19.24897582,2.812057187,1.969802042,5.387046842,-4.255092395,-0.788267441,1.08011721,-2.466725263,-3.053791914,-5.021216317,17.70726236,-6.53649143,4.803468597,-11.85232445,6.756364367,0.568466165,4.790512825,6.368690573,-7.874524438,2019-04-30,POs Post-Con,1
262,043019 A4,-5.459924825,-0.302134677,12.26236943,5.74159298,0.79307668,1.801244736,4.806302372,-2.013124185,-2.589873337,-0.075863292,-11.28063017,13.67214718,-11.54745684,-12.18472007,-12.23497024,1.743576246,-1.691078569,2.526074157,-8.512157073,-0.898062658,2019-04-30,POs Post-Con,2
263,043019 B1,0.677613163,3.282886937,1.284721766,-5.752354659,0.193117891,2.237235354,5.687971199,-2.77941955,-2.048313532,-0.432704125,-7.705038444,11.73227443,-6.766238295,-1.166574506,-1.561089888,0.141315203,2.990298642,-2.716736453,4.851235714,3.64410947,2019-04-30,POs Post-Con,3
264,043019 B3,0.388814821,-6.019294275,3.583243578,2.426334019,4.815022641,3.012648179,5.80212614,-3.312202017,-1.909340051,-0.227322509,-6.124163396,14.69941069,-6.359754226,-3.024718871,-12.88105143,-10.36239608,-1.673740135,6.598371495,-6.675166469,8.614499846,2019-04-30,POs Post-Con,4
265,043019 C1,-3.416122775,1.778112769,4.48247802,0.051261493,-2.445535816,-7.086631054,-5.54309285,3.105839668,-1.771300844,-4.035439971,-10.7664219,20.18097015,-5.839956325,-0.245625024,-5.07125982,3.882516959,-2.103766968,-0.349903317,-0.029047387,0.288594844,2019-04-30,POs Post-Con,5
266,043019 C4,1.277211413,4.509664458,-4.778161304,-7.796275798,5.153173232,-1.458758195,3.919428648,-0.073168749,-0.930198833,-1.360797471,-2.901443364,11.68624371,-8.080965808,-2.776743785,-2.068506951,-8.353841121,1.406973439,3.693401067,-0.207108699,4.441340402,2019-04-30,POs Post-Con,6
267,Oil-30Jan2020-1,11.44364427,17.37764449,-2.687228107,-0.219998119,7.264632159,11.44058302,0.942829279,-3.122886472,0.860621613,8.146874255,-2.720067639,-24.03077199,-1.095423325,-0.387788122,-2.533806392,-33.19639624,1.230100811,5.960362589,-3.749306823,-18.29595832,2020-01-30,POs Post-Con,1
268,Oil-30Jan2020-3,6.538120365,-5.924516736,13.78477257,10.40764649,-1.22380606,17.117203,-1.718451588,-3.470265221,0.700741442,13.24817462,0.96925834,-21.78244486,4.727490499,10.17559705,-0.557840628,-41.2788373,3.046076753,-4.144423496,6.644686137,1.353987868,2020-01-30,POs Post-Con,2
269,"OIL-19JUN20, 15:32,40 (0001)",-2.304543625,-8.223132158,-10.20767204,3.352029605,-1.529344441,-8.098096158,-1.883160065,2.782439544,1.991082043,-5.377844847,11.75526373,-6.06191879,11.09673071,-4.595815813,6.806006047,105.4512144,1.646290346,-3.124969301,5.448111819,2.54186682,2020-06-19,POs Post-Con,1
270,"OIL-19JUN20, 15:33,41 (0002)",-3.513373794,-9.804894445,-8.079071872,-5.378967266,-4.356175925,-2.964520518,-2.797292114,0.955346441,2.950245823,-1.868308391,13.21885982,-13.52829367,13.3699817,10.70216098,12.689094,-5.718923022,-1.379969721,-3.018620424,2.528223158,3.049107681,2020-06-19,POs Post-Con,2
271,"OIL-19JUN20, 22:43,471 (0003)",-1.432262765,-4.580950727,-4.20491479,-1.449709665,-5.858434942,-5.808696368,-4.777911554,4.508640208,2.865093756,-1.391940956,12.28624977,-12.80683724,11.37467002,0.845617804,15.83953672,-9.730883745,-0.598511478,-5.29234502,-0.474695512,0.29194092,2020-06-19,POs Post-Con,3
272,"OIL-19JUN20, 22:43,471 (0004)",-3.16340478,-11.34236145,-8.252594447,-3.351361125,-8.192772261,-5.937119597,-3.650482026,2.338683123,2.347967185,-3.571035402,8.289349567,-11.46804198,5.657413321,-2.144858243,13.42621303,-9.333709688,-3.441139283,-4.92172412,-6.193465438,2.84309757,2020-06-19,POs Post-Con,4
